x-axis,1,2
second,Volt,Volt
-940.00E-06,,
-930.00E-06,-206.09767E-03,-189.78800E-03
-920.00E-06,-205.92494E-03,-190.79303E-03
-910.00E-06,-205.98775E-03,-190.40044E-03
-900.00E-06,-206.09767E-03,-189.78800E-03
-890.00E-06,-205.84642E-03,-190.79303E-03
-880.00E-06,-205.84642E-03,-190.25911E-03
-870.00E-06,-206.09767E-03,-190.00785E-03
-860.00E-06,-205.84642E-03,-190.79303E-03
-850.00E-06,-205.84642E-03,-190.13348E-03
-840.00E-06,-206.09767E-03,-190.54177E-03
-830.00E-06,-205.84642E-03,-190.40044E-03
-820.00E-06,-206.09767E-03,-190.03926E-03
-810.00E-06,-205.84642E-03,-191.02858E-03
-800.00E-06,-205.84642E-03,-190.13348E-03
-790.00E-06,-206.09767E-03,-189.78800E-03
-780.00E-06,-205.84642E-03,-191.04428E-03
-770.00E-06,-205.94064E-03,-190.03926E-03
-760.00E-06,-206.09767E-03,-190.49466E-03
-750.00E-06,-206.09767E-03,-190.77732E-03
-740.00E-06,-206.06627E-03,-190.03926E-03
-730.00E-06,-205.84642E-03,-190.87154E-03
-720.00E-06,-205.84642E-03,-190.27481E-03
-710.00E-06,-205.84642E-03,-190.11777E-03
-700.00E-06,-205.84642E-03,-191.29554E-03
-690.00E-06,-205.84642E-03,-190.29051E-03
-680.00E-06,-206.09767E-03,-190.25911E-03
-670.00E-06,-205.84642E-03,-190.85584E-03
-660.00E-06,-205.98775E-03,-190.29051E-03
-650.00E-06,-205.95634E-03,-190.63599E-03
-640.00E-06,-205.90923E-03,-190.47896E-03
-630.00E-06,-206.09767E-03,-190.30622E-03
-620.00E-06,-205.84642E-03,-190.79303E-03
-610.00E-06,-206.05056E-03,-190.03926E-03
-600.00E-06,-206.00345E-03,-190.29051E-03
-590.00E-06,-205.84642E-03,-190.66740E-03
-580.00E-06,-205.92494E-03,-190.03926E-03
-570.00E-06,-206.08197E-03,-190.51036E-03
-560.00E-06,-205.84642E-03,-190.05496E-03
-550.00E-06,-205.90923E-03,-190.47896E-03
-540.00E-06,-205.84642E-03,-190.54177E-03
-530.00E-06,-206.09767E-03,-190.16489E-03
-520.00E-06,-206.01916E-03,-190.36903E-03
-510.00E-06,-205.89353E-03,-190.54177E-03
-500.00E-06,-205.84642E-03,-190.03926E-03
-490.00E-06,-206.09767E-03,-190.49466E-03
-480.00E-06,-206.09767E-03,-190.54177E-03
-470.00E-06,-206.09767E-03,-190.14918E-03
-460.00E-06,-206.01916E-03,-190.19629E-03
-450.00E-06,-205.84642E-03,-190.03926E-03
-440.00E-06,-205.86212E-03,-190.29051E-03
-430.00E-06,-206.09767E-03,-190.05496E-03
-420.00E-06,-206.09767E-03,-190.21200E-03
-410.00E-06,-205.97205E-03,-190.41614E-03
-400.00E-06,-205.84642E-03,-190.63599E-03
-390.00E-06,-205.84642E-03,-190.22770E-03
-380.00E-06,-205.84642E-03,-190.07066E-03
-370.00E-06,-205.84642E-03,-190.55747E-03
-360.00E-06,-205.84642E-03,-190.29051E-03
-350.00E-06,-206.00345E-03,-190.13348E-03
-340.00E-06,-205.84642E-03,-190.29051E-03
-330.00E-06,-205.84642E-03,-190.29051E-03
-320.00E-06,-205.84642E-03,-190.54177E-03
-310.00E-06,-206.09767E-03,-190.03926E-03
-300.00E-06,-206.09767E-03,-190.08637E-03
-290.00E-06,-205.84642E-03,-190.62029E-03
-280.00E-06,-206.09767E-03,-189.89793E-03
-270.00E-06,-205.94064E-03,-190.29051E-03
-260.00E-06,-205.84642E-03,-190.32192E-03
-250.00E-06,-206.09767E-03,-190.03926E-03
-240.00E-06,-205.89353E-03,-190.54177E-03
-230.00E-06,-206.01916E-03,-190.03926E-03
-220.00E-06,-206.09767E-03,-190.66740E-03
-210.00E-06,-206.09767E-03,-190.54177E-03
-200.00E-06,-206.09767E-03,-189.83511E-03
-190.00E-06,-205.86212E-03,-190.54177E-03
-180.00E-06,-205.84642E-03,-190.79303E-03
-170.00E-06,-206.09767E-03,-190.29051E-03
-160.00E-06,-206.09767E-03,-190.55747E-03
-150.00E-06,-206.00345E-03,-190.22770E-03
-140.00E-06,-206.05056E-03,-190.58888E-03
-130.00E-06,-205.87782E-03,-190.24340E-03
-120.00E-06,-206.09767E-03,-190.03926E-03
-110.00E-06,-205.90923E-03,-190.73021E-03
-100.00E-06,-205.95634E-03,-190.54177E-03
-90.00E-06,-206.09767E-03,-190.40044E-03
-80.00E-06,-205.92494E-03,-190.35333E-03
-70.00E-06,-206.08197E-03,-190.55747E-03
-60.00E-06,-205.84642E-03,-190.29051E-03
-50.00E-06,-206.09767E-03,-190.29051E-03
-40.00E-06,-206.09767E-03,-190.44755E-03
-30.00E-06,-205.84642E-03,-190.66740E-03
-20.00E-06,-205.84642E-03,-190.29051E-03
-10.00E-06,-205.84642E-03,-190.32192E-03
+0.0E+00,+195.15860E-03,-190.79303E-03
+10.00E-06,+198.33071E-03,-190.07066E-03
+20.00E-06,+199.42996E-03,-189.36401E-03
+30.00E-06,+199.68122E-03,-188.53172E-03
+40.00E-06,+199.75973E-03,-187.33825E-03
+50.00E-06,+199.93247E-03,-185.15546E-03
+60.00E-06,+199.68122E-03,-183.44378E-03
+70.00E-06,+199.93247E-03,-180.53863E-03
+80.00E-06,+199.93247E-03,-177.42933E-03
+90.00E-06,+199.93247E-03,-174.25722E-03
+100.00E-06,+199.93247E-03,-171.17933E-03
+110.00E-06,+199.93247E-03,-167.00220E-03
+120.00E-06,+200.15232E-03,-162.54240E-03
+130.00E-06,+199.93247E-03,-157.53298E-03
+140.00E-06,+200.12091E-03,-152.83762E-03
+150.00E-06,+199.93247E-03,-147.67117E-03
+160.00E-06,+199.93247E-03,-141.90798E-03
+170.00E-06,+199.93247E-03,-136.41175E-03
+180.00E-06,+199.93247E-03,-130.77418E-03
+190.00E-06,+199.93247E-03,-124.50848E-03
+200.00E-06,+199.93247E-03,-117.81878E-03
+210.00E-06,+199.75973E-03,-111.01916E-03
+220.00E-06,+200.04240E-03,-104.75345E-03
+230.00E-06,+199.93247E-03,-97.51413E-03
+240.00E-06,+199.93247E-03,-90.46325E-03
+250.00E-06,+199.93247E-03,-82.98838E-03
+260.00E-06,+199.93247E-03,-75.65484E-03
+270.00E-06,+199.93247E-03,-67.99152E-03
+280.00E-06,+199.93247E-03,-59.98273E-03
+290.00E-06,+199.93247E-03,-52.22519E-03
+300.00E-06,+199.93247E-03,-44.45195E-03
+310.00E-06,+199.93247E-03,-36.45886E-03
+320.00E-06,+199.68122E-03,-28.02607E-03
+330.00E-06,+199.74403E-03,-19.78172E-03
+340.00E-06,+199.93247E-03,-12.27544E-03
+350.00E-06,+199.82255E-03,-3.29303E-03
+360.00E-06,+199.72833E-03,+4.85710E-03
+370.00E-06,+199.90107E-03,+12.91300E-03
+380.00E-06,+199.93247E-03,+20.65484E-03
+390.00E-06,+200.12091E-03,+28.64793E-03
+400.00E-06,+199.93247E-03,+37.00220E-03
+410.00E-06,+199.93247E-03,+45.38788E-03
+420.00E-06,+199.93247E-03,+53.67933E-03
+430.00E-06,+199.93247E-03,+62.47330E-03
+440.00E-06,+199.93247E-03,+71.15735E-03
+450.00E-06,+199.93247E-03,+79.07192E-03
+460.00E-06,+199.93247E-03,+87.20634E-03
+470.00E-06,+199.93247E-03,+95.21514E-03
+480.00E-06,+199.93247E-03,+103.16112E-03
+490.00E-06,+199.71262E-03,+111.29554E-03
+500.00E-06,+199.93247E-03,+119.27293E-03
+510.00E-06,+199.71262E-03,+128.41237E-03
+520.00E-06,+199.93247E-03,+135.87154E-03
+530.00E-06,+199.79114E-03,+143.69190E-03
+540.00E-06,+199.93247E-03,+151.32380E-03
+550.00E-06,+199.93247E-03,+158.72016E-03
+560.00E-06,+199.93247E-03,+166.10081E-03
+570.00E-06,+199.93247E-03,+173.38725E-03
+580.00E-06,+199.74403E-03,+180.76790E-03
+590.00E-06,+199.80684E-03,+187.72456E-03
+600.00E-06,+199.82255E-03,+194.53988E-03
+610.00E-06,+199.68122E-03,+201.96765E-03
+620.00E-06,+199.68122E-03,+209.04993E-03
+630.00E-06,+199.90107E-03,+215.11149E-03
+640.00E-06,+199.72833E-03,+221.40860E-03
+650.00E-06,+199.93247E-03,+227.81564E-03
+660.00E-06,+199.80684E-03,+234.11275E-03
+670.00E-06,+199.85395E-03,+240.53549E-03
+680.00E-06,+199.68122E-03,+245.89039E-03
+690.00E-06,+199.68122E-03,+252.34453E-03
+700.00E-06,+199.68122E-03,+257.80936E-03
+710.00E-06,+199.68122E-03,+263.35270E-03
+720.00E-06,+199.68122E-03,+268.73900E-03
+730.00E-06,+199.50848E-03,+273.85835E-03
+740.00E-06,+199.68122E-03,+278.80496E-03
+750.00E-06,+199.68122E-03,+283.59453E-03
+760.00E-06,+199.68122E-03,+288.91802E-03
+770.00E-06,+199.68122E-03,+293.47204E-03
+780.00E-06,+199.68122E-03,+298.04177E-03
+790.00E-06,+199.68122E-03,+302.20320E-03
+800.00E-06,+199.68122E-03,+306.09767E-03
+810.00E-06,+199.68122E-03,+309.99214E-03
+820.00E-06,+199.68122E-03,+314.18498E-03
+830.00E-06,+199.68122E-03,+318.12657E-03
+840.00E-06,+199.53988E-03,+321.65986E-03
+850.00E-06,+199.68122E-03,+324.84767E-03
+860.00E-06,+199.68122E-03,+327.86275E-03
+870.00E-06,+199.44566E-03,+330.65797E-03
+880.00E-06,+199.44566E-03,+334.04993E-03
+890.00E-06,+199.61840E-03,+336.92368E-03
+900.00E-06,+199.42996E-03,+339.05936E-03
+910.00E-06,+199.68122E-03,+341.85458E-03
+920.00E-06,+199.68122E-03,+344.10018E-03
+930.00E-06,+199.68122E-03,+346.20446E-03
+940.00E-06,+199.68122E-03,+348.38724E-03
+950.00E-06,+199.42996E-03,+350.11463E-03
+960.00E-06,+199.42996E-03,+351.74780E-03
+970.00E-06,+199.53988E-03,+353.80496E-03
+980.00E-06,+199.50848E-03,+354.93561E-03
+990.00E-06,+199.63411E-03,+356.99277E-03
+1.00000E-03,+199.68122E-03,+357.95069E-03
+1.01000E-03,+199.68122E-03,+358.45320E-03
+1.02000E-03,+199.50848E-03,+359.37971E-03
+1.03000E-03,+199.53988E-03,+360.71451E-03
+1.04000E-03,+199.58700E-03,+361.64101E-03
+1.05000E-03,+199.47707E-03,+362.03360E-03
+1.06000E-03,+199.66551E-03,+362.22204E-03
+1.07000E-03,+199.42996E-03,+362.47330E-03
+1.08000E-03,+199.42996E-03,+362.55182E-03
+1.09000E-03,+199.53988E-03,+362.72456E-03
+1.10000E-03,+199.42996E-03,+362.97581E-03
+1.11000E-03,+199.42996E-03,+362.72456E-03
+1.12000E-03,+199.42996E-03,+362.50471E-03
+1.13000E-03,+199.44566E-03,+362.25345E-03
+1.14000E-03,+199.68122E-03,+362.03360E-03
+1.15000E-03,+199.57129E-03,+361.82946E-03
+1.16000E-03,+199.68122E-03,+361.46827E-03
+1.17000E-03,+199.42996E-03,+360.21199E-03
+1.18000E-03,+199.42996E-03,+359.44252E-03
+1.19000E-03,+199.42996E-03,+358.45320E-03
+1.20000E-03,+199.42996E-03,+358.20194E-03
+1.21000E-03,+199.42996E-03,+357.54240E-03
+1.22000E-03,+199.42996E-03,+355.95634E-03
+1.23000E-03,+199.50848E-03,+354.60584E-03
+1.24000E-03,+199.42996E-03,+353.89918E-03
+1.25000E-03,+199.42996E-03,+352.42305E-03
+1.26000E-03,+199.63411E-03,+350.46011E-03
+1.27000E-03,+199.42996E-03,+349.75345E-03
+1.28000E-03,+199.42996E-03,+348.40295E-03
+1.29000E-03,+199.58700E-03,+346.31438E-03
+1.30000E-03,+199.47707E-03,+345.29365E-03
+1.31000E-03,+199.42996E-03,+342.85961E-03
+1.32000E-03,+199.42996E-03,+341.90169E-03
+1.33000E-03,+199.42996E-03,+340.08008E-03
+1.34000E-03,+199.42996E-03,+338.08574E-03
+1.35000E-03,+199.42996E-03,+336.40546E-03
+1.36000E-03,+199.42996E-03,+334.28549E-03
+1.37000E-03,+199.42996E-03,+332.55810E-03
+1.38000E-03,+199.42996E-03,+330.59516E-03
+1.39000E-03,+199.42996E-03,+329.18184E-03
+1.40000E-03,+199.42996E-03,+326.24529E-03
+1.41000E-03,+199.42996E-03,+324.81626E-03
+1.42000E-03,+199.49277E-03,+322.20948E-03
+1.43000E-03,+199.42996E-03,+320.96890E-03
+1.44000E-03,+199.42996E-03,+318.28360E-03
+1.45000E-03,+199.22581E-03,+316.65044E-03
+1.46000E-03,+199.50848E-03,+314.16928E-03
+1.47000E-03,+199.42996E-03,+312.36338E-03
+1.48000E-03,+199.42996E-03,+309.88222E-03
+1.49000E-03,+199.42996E-03,+307.58951E-03
+1.50000E-03,+199.66551E-03,+305.68938E-03
+1.51000E-03,+199.63411E-03,+303.55370E-03
+1.52000E-03,+199.42996E-03,+301.59076E-03
+1.53000E-03,+199.55559E-03,+299.39227E-03
+1.54000E-03,+199.58700E-03,+297.47644E-03
+1.55000E-03,+199.68122E-03,+294.74403E-03
+1.56000E-03,+199.42996E-03,+293.11086E-03
+1.57000E-03,+199.42996E-03,+290.20571E-03
+1.58000E-03,+199.49277E-03,+288.49403E-03
+1.59000E-03,+199.55559E-03,+285.82443E-03
+1.60000E-03,+199.68122E-03,+284.19127E-03
+1.61000E-03,+199.68122E-03,+281.77292E-03
+1.62000E-03,+199.64981E-03,+280.23398E-03
+1.63000E-03,+199.42996E-03,+277.59579E-03
+1.64000E-03,+199.22581E-03,+275.53863E-03
+1.65000E-03,+199.17870E-03,+273.63850E-03
+1.66000E-03,+199.30433E-03,+271.58134E-03
+1.67000E-03,+199.17870E-03,+269.38285E-03
+1.68000E-03,+199.42996E-03,+267.41991E-03
+1.69000E-03,+199.42996E-03,+265.50408E-03
+1.70000E-03,+199.61840E-03,+263.83951E-03
+1.71000E-03,+199.33574E-03,+261.56250E-03
+1.72000E-03,+199.28863E-03,+260.10207E-03
+1.73000E-03,+199.42996E-03,+257.87217E-03
+1.74000E-03,+199.17870E-03,+256.58448E-03
+1.75000E-03,+199.42996E-03,+253.93059E-03
+1.76000E-03,+199.42996E-03,+252.76853E-03
+1.77000E-03,+199.33574E-03,+250.58574E-03
+1.78000E-03,+199.42996E-03,+249.15672E-03
+1.79000E-03,+199.42996E-03,+246.81689E-03
+1.80000E-03,+199.42996E-03,+245.59202E-03
+1.81000E-03,+199.42996E-03,+244.36715E-03
+1.82000E-03,+199.42996E-03,+241.93310E-03
+1.83000E-03,+199.17870E-03,+240.94378E-03
+1.84000E-03,+199.42996E-03,+238.69818E-03
+1.85000E-03,+199.42996E-03,+237.50471E-03
+1.86000E-03,+199.42996E-03,+236.23272E-03
+1.87000E-03,+199.19441E-03,+234.31689E-03
+1.88000E-03,+199.19441E-03,+233.10772E-03
+1.89000E-03,+199.36715E-03,+231.50596E-03
+1.90000E-03,+199.27292E-03,+229.80998E-03
+1.91000E-03,+199.28863E-03,+229.19755E-03
+1.92000E-03,+199.35144E-03,+227.92556E-03
+1.93000E-03,+199.42996E-03,+226.27669E-03
+1.94000E-03,+199.42996E-03,+225.53863E-03
+1.95000E-03,+199.42996E-03,+224.84767E-03
+1.96000E-03,+199.42996E-03,+223.21451E-03
+1.97000E-03,+199.42996E-03,+222.03674E-03
+1.98000E-03,+199.25722E-03,+221.18875E-03
+1.99000E-03,+199.42996E-03,+220.43498E-03
+2.00000E-03,+199.42996E-03,+219.00596E-03
+2.01000E-03,+199.42996E-03,+217.84390E-03
+2.02000E-03,+199.33574E-03,+217.34139E-03
+2.03000E-03,+199.42996E-03,+216.87029E-03
+2.04000E-03,+199.42996E-03,+216.06941E-03
+2.05000E-03,+199.42996E-03,+214.73461E-03
+2.06000E-03,+199.41426E-03,+213.98084E-03
+2.07000E-03,+199.39855E-03,+213.47833E-03
+2.08000E-03,+199.17870E-03,+213.05433E-03
+2.09000E-03,+199.42996E-03,+212.34767E-03
+2.10000E-03,+199.27292E-03,+211.87657E-03
+2.11000E-03,+199.17870E-03,+210.46325E-03
+2.12000E-03,+199.39855E-03,+209.96074E-03
+2.13000E-03,+199.17870E-03,+209.45823E-03
+2.14000E-03,+199.42996E-03,+209.20697E-03
+2.15000E-03,+199.27292E-03,+209.06564E-03
+2.16000E-03,+199.30433E-03,+208.70446E-03
+2.17000E-03,+199.24152E-03,+208.39039E-03
+2.18000E-03,+199.42996E-03,+207.69943E-03
+2.19000E-03,+199.42996E-03,+207.19692E-03
+2.20000E-03,+199.36715E-03,+206.69441E-03
+2.21000E-03,+199.17870E-03,+206.12908E-03
+2.22000E-03,+199.17870E-03,+205.94064E-03
+2.23000E-03,+199.17870E-03,+205.68938E-03
+2.24000E-03,+199.38285E-03,+205.43813E-03
+2.25000E-03,+199.17870E-03,+205.43813E-03
+2.26000E-03,+199.21011E-03,+205.40672E-03
+2.27000E-03,+199.25722E-03,+205.35961E-03
+2.28000E-03,+199.30433E-03,+205.18687E-03
+2.29000E-03,+199.33574E-03,+205.10835E-03
+2.30000E-03,+199.36715E-03,+204.99843E-03
+2.31000E-03,+199.41426E-03,+204.93561E-03
+2.32000E-03,+199.19441E-03,+204.93561E-03
+2.33000E-03,+199.17870E-03,+205.12406E-03
+2.34000E-03,+199.30433E-03,+204.93561E-03
+2.35000E-03,+199.42996E-03,+204.93561E-03
+2.36000E-03,+199.42996E-03,+204.93561E-03
+2.37000E-03,+199.39855E-03,+205.17117E-03
+2.38000E-03,+199.42996E-03,+205.17117E-03
+2.39000E-03,+199.17870E-03,+204.99843E-03
+2.40000E-03,+199.32004E-03,+205.04554E-03
+2.41000E-03,+199.28863E-03,+205.18687E-03
+2.42000E-03,+199.17870E-03,+205.37531E-03
+2.43000E-03,+199.42996E-03,+205.43813E-03
+2.44000E-03,+199.41426E-03,+205.43813E-03
+2.45000E-03,+199.36715E-03,+205.43813E-03
+2.46000E-03,+199.25722E-03,+205.68938E-03
+2.47000E-03,+199.30433E-03,+205.68938E-03
+2.48000E-03,+199.17870E-03,+205.94064E-03
+2.49000E-03,+199.21011E-03,+206.19189E-03
+2.50000E-03,+199.42996E-03,+206.44315E-03
+2.51000E-03,+199.38285E-03,+206.69441E-03
+2.52000E-03,+199.42996E-03,+206.94566E-03
+2.53000E-03,+199.28863E-03,+207.32255E-03
+2.54000E-03,+199.33574E-03,+207.69943E-03
+2.55000E-03,+199.17870E-03,+208.20194E-03
+2.56000E-03,+199.17870E-03,+208.46890E-03
+2.57000E-03,+199.17870E-03,+208.90860E-03
+2.58000E-03,+199.17870E-03,+208.95571E-03
+2.59000E-03,+199.30433E-03,+209.09705E-03
+2.60000E-03,+199.17870E-03,+209.20697E-03
+2.61000E-03,+199.17870E-03,+209.45823E-03
+2.62000E-03,+199.17870E-03,+209.70948E-03
+2.63000E-03,+199.19441E-03,+209.70948E-03
+2.64000E-03,+199.17870E-03,+209.96074E-03
+2.65000E-03,+199.42996E-03,+210.27481E-03
+2.66000E-03,+199.17870E-03,+210.71451E-03
+2.67000E-03,+199.17870E-03,+211.21702E-03
+2.68000E-03,+199.17870E-03,+211.97079E-03
+2.69000E-03,+199.17870E-03,+212.22205E-03
+2.70000E-03,+199.17870E-03,+212.42619E-03
+2.71000E-03,+199.25722E-03,+212.97581E-03
+2.72000E-03,+199.42996E-03,+212.97581E-03
+2.73000E-03,+199.33574E-03,+213.22707E-03
+2.74000E-03,+199.17870E-03,+213.44692E-03
+2.75000E-03,+199.17870E-03,+213.47833E-03
+2.76000E-03,+199.17870E-03,+213.72958E-03
+2.77000E-03,+199.42996E-03,+213.98084E-03
+2.78000E-03,+199.42996E-03,+214.37343E-03
+2.79000E-03,+199.25722E-03,+214.57757E-03
+2.80000E-03,+199.17870E-03,+215.48838E-03
+2.81000E-03,+199.42996E-03,+215.48838E-03
+2.82000E-03,+199.19441E-03,+215.97519E-03
+2.83000E-03,+199.17870E-03,+216.43059E-03
+2.84000E-03,+199.28863E-03,+216.74466E-03
+2.85000E-03,+199.42996E-03,+216.85458E-03
+2.86000E-03,+199.42996E-03,+217.24717E-03
+2.87000E-03,+199.42996E-03,+217.24717E-03
+2.88000E-03,+199.17870E-03,+217.49843E-03
+2.89000E-03,+199.22581E-03,+217.49843E-03
+2.90000E-03,+199.17870E-03,+217.74968E-03
+2.91000E-03,+199.42996E-03,+217.87531E-03
+2.92000E-03,+199.17870E-03,+218.25220E-03
+2.93000E-03,+199.17870E-03,+218.28360E-03
+2.94000E-03,+199.17870E-03,+218.73900E-03
+2.95000E-03,+199.36715E-03,+219.00596E-03
+2.96000E-03,+199.17870E-03,+219.10019E-03
+2.97000E-03,+199.30433E-03,+219.38285E-03
+2.98000E-03,+199.17870E-03,+220.01099E-03
+2.99000E-03,+199.21011E-03,+220.30936E-03
+3.00000E-03,+199.17870E-03,+220.52921E-03
+3.01000E-03,+199.17870E-03,+220.76476E-03
+3.02000E-03,+199.17870E-03,+220.93750E-03
+3.03000E-03,+199.03737E-03,+221.01601E-03
+3.04000E-03,+199.17870E-03,+221.18875E-03
+3.05000E-03,+199.17870E-03,+221.26727E-03
+3.06000E-03,+199.17870E-03,+221.51853E-03
+3.07000E-03,+199.19441E-03,+221.51853E-03
+3.08000E-03,+199.17870E-03,+221.51853E-03
+3.09000E-03,+199.05308E-03,+221.51853E-03
+3.10000E-03,+199.17870E-03,+221.62845E-03
+3.11000E-03,+199.17870E-03,+221.76978E-03
+3.12000E-03,+199.17870E-03,+221.76978E-03
+3.13000E-03,+199.19441E-03,+222.00534E-03
+3.14000E-03,+199.17870E-03,+222.02104E-03
+3.15000E-03,+199.17870E-03,+222.02104E-03
+3.16000E-03,+199.30433E-03,+222.14667E-03
+3.17000E-03,+199.35144E-03,+222.16237E-03
+3.18000E-03,+199.17870E-03,+222.05245E-03
+3.19000E-03,+199.41426E-03,+222.03674E-03
+3.20000E-03,+199.17870E-03,+222.47644E-03
+3.21000E-03,+199.33574E-03,+222.44503E-03
+3.22000E-03,+199.17870E-03,+222.39792E-03
+3.23000E-03,+199.42996E-03,+222.69629E-03
+3.24000E-03,+199.17870E-03,+222.77481E-03
+3.25000E-03,+199.41426E-03,+222.53926E-03
+3.26000E-03,+199.42996E-03,+222.99466E-03
+3.27000E-03,+199.17870E-03,+222.77481E-03
+3.28000E-03,+199.30433E-03,+223.02607E-03
+3.29000E-03,+199.17870E-03,+222.96325E-03
+3.30000E-03,+199.36715E-03,+223.02607E-03
+3.31000E-03,+199.42996E-03,+223.02607E-03
+3.32000E-03,+199.19441E-03,+223.27732E-03
+3.33000E-03,+199.42996E-03,+223.02607E-03
+3.34000E-03,+199.28863E-03,+223.15169E-03
+3.35000E-03,+199.42996E-03,+223.02607E-03
+3.36000E-03,+199.17870E-03,+223.02607E-03
+3.37000E-03,+199.17870E-03,+222.80622E-03
+3.38000E-03,+199.42996E-03,+223.01036E-03
+3.39000E-03,+199.36715E-03,+223.16740E-03
+3.40000E-03,+199.32004E-03,+222.77481E-03
+3.41000E-03,+199.17870E-03,+222.77481E-03
+3.42000E-03,+199.24152E-03,+222.52355E-03
+3.43000E-03,+199.39855E-03,+222.52355E-03
+3.44000E-03,+199.17870E-03,+222.28800E-03
+3.45000E-03,+199.36715E-03,+222.47644E-03
+3.46000E-03,+199.25722E-03,+222.27230E-03
+3.47000E-03,+199.17870E-03,+222.27230E-03
+3.48000E-03,+199.17870E-03,+222.02104E-03
+3.49000E-03,+199.38285E-03,+222.24089E-03
+3.50000E-03,+199.41426E-03,+222.02104E-03
+3.51000E-03,+199.38285E-03,+221.81689E-03
+3.52000E-03,+199.17870E-03,+221.76978E-03
+3.53000E-03,+199.30433E-03,+221.76978E-03
+3.54000E-03,+199.25722E-03,+221.76978E-03
+3.55000E-03,+199.42996E-03,+221.51853E-03
+3.56000E-03,+199.17870E-03,+221.51853E-03
+3.57000E-03,+199.42996E-03,+221.51853E-03
+3.58000E-03,+199.42996E-03,+221.51853E-03
+3.59000E-03,+199.42996E-03,+221.26727E-03
+3.60000E-03,+199.42996E-03,+221.26727E-03
+3.61000E-03,+199.42996E-03,+221.26727E-03
+3.62000E-03,+199.42996E-03,+221.01601E-03
+3.63000E-03,+199.42996E-03,+221.01601E-03
+3.64000E-03,+199.42996E-03,+220.96890E-03
+3.65000E-03,+199.42996E-03,+220.87468E-03
+3.66000E-03,+199.42996E-03,+220.76476E-03
+3.67000E-03,+199.35144E-03,+220.70194E-03
+3.68000E-03,+199.42996E-03,+220.51350E-03
+3.69000E-03,+199.17870E-03,+220.27795E-03
+3.70000E-03,+199.42996E-03,+220.21514E-03
+3.71000E-03,+199.42996E-03,+220.01099E-03
+3.72000E-03,+199.17870E-03,+219.88536E-03
+3.73000E-03,+199.33574E-03,+220.01099E-03
+3.74000E-03,+199.42996E-03,+219.30433E-03
+3.75000E-03,+199.41426E-03,+219.02167E-03
+3.76000E-03,+199.17870E-03,+219.25722E-03
+3.77000E-03,+199.17870E-03,+218.59767E-03
+3.78000E-03,+199.42996E-03,+218.64478E-03
+3.79000E-03,+199.33574E-03,+218.25220E-03
+3.80000E-03,+199.42996E-03,+218.45634E-03
+3.81000E-03,+199.17870E-03,+218.25220E-03
+3.82000E-03,+199.42996E-03,+217.81250E-03
+3.83000E-03,+199.42996E-03,+217.74968E-03
+3.84000E-03,+199.42996E-03,+217.87531E-03
+3.85000E-03,+199.32004E-03,+217.65546E-03
+3.86000E-03,+199.36715E-03,+217.49843E-03
+3.87000E-03,+199.39855E-03,+217.49843E-03
+3.88000E-03,+199.42996E-03,+217.49843E-03
+3.89000E-03,+199.22581E-03,+217.30998E-03
+3.90000E-03,+199.42996E-03,+217.49843E-03
+3.91000E-03,+199.42996E-03,+217.24717E-03
+3.92000E-03,+199.42996E-03,+217.24717E-03
+3.93000E-03,+199.42996E-03,+217.24717E-03
+3.94000E-03,+199.42996E-03,+217.01162E-03
+3.95000E-03,+199.17870E-03,+216.99591E-03
+3.96000E-03,+199.42996E-03,+216.99591E-03
+3.97000E-03,+199.28863E-03,+216.74466E-03
+3.98000E-03,+199.42996E-03,+216.83888E-03
+3.99000E-03,+199.42996E-03,+216.79177E-03
+4.00000E-03,+199.42996E-03,+216.50911E-03
+4.01000E-03,+199.21011E-03,+216.28926E-03
+4.02000E-03,+199.42996E-03,+216.33637E-03
+4.03000E-03,+199.42996E-03,+216.24215E-03
+4.04000E-03,+199.33574E-03,+215.99089E-03
+4.05000E-03,+199.42996E-03,+215.94378E-03
+4.06000E-03,+199.42996E-03,+215.48838E-03
+4.07000E-03,+199.17870E-03,+215.48838E-03
+4.08000E-03,+199.35144E-03,+215.17431E-03
+4.09000E-03,+199.42996E-03,+214.98586E-03
+4.10000E-03,+199.32004E-03,+215.23712E-03
+4.11000E-03,+199.17870E-03,+214.73461E-03
+4.12000E-03,+199.42996E-03,+214.48335E-03
+4.13000E-03,+199.19441E-03,+214.73461E-03
+4.14000E-03,+199.17870E-03,+214.29491E-03
+4.15000E-03,+199.27292E-03,+214.23210E-03
+4.16000E-03,+199.42996E-03,+214.37343E-03
+4.17000E-03,+199.35144E-03,+214.16928E-03
+4.18000E-03,+199.19441E-03,+214.23210E-03
+4.19000E-03,+199.42996E-03,+213.98084E-03
+4.20000E-03,+199.36715E-03,+213.93373E-03
+4.21000E-03,+199.17870E-03,+213.82380E-03
+4.22000E-03,+199.28863E-03,+213.72958E-03
+4.23000E-03,+199.17870E-03,+213.57255E-03
+4.24000E-03,+199.42996E-03,+213.52544E-03
+4.25000E-03,+199.41426E-03,+213.72958E-03
+4.26000E-03,+199.17870E-03,+213.47833E-03
+4.27000E-03,+199.17870E-03,+213.47833E-03
+4.28000E-03,+199.30433E-03,+213.47833E-03
+4.29000E-03,+199.17870E-03,+213.47833E-03
+4.30000E-03,+199.42996E-03,+213.43122E-03
+4.31000E-03,+199.41426E-03,+213.47833E-03
+4.32000E-03,+199.39855E-03,+213.25848E-03
+4.33000E-03,+199.35144E-03,+213.22707E-03
+4.34000E-03,+199.42996E-03,+213.22707E-03
+4.35000E-03,+199.42996E-03,+213.22707E-03
+4.36000E-03,+199.42996E-03,+213.22707E-03
+4.37000E-03,+199.19441E-03,+213.22707E-03
+4.38000E-03,+199.17870E-03,+213.22707E-03
+4.39000E-03,+199.42996E-03,+213.03863E-03
+4.40000E-03,+199.27292E-03,+212.97581E-03
+4.41000E-03,+199.30433E-03,+212.97581E-03
+4.42000E-03,+199.24152E-03,+212.97581E-03
+4.43000E-03,+199.39855E-03,+213.00722E-03
+4.44000E-03,+199.17870E-03,+212.97581E-03
+4.45000E-03,+199.36715E-03,+212.97581E-03
+4.46000E-03,+199.25722E-03,+212.97581E-03
+4.47000E-03,+199.17870E-03,+212.86589E-03
+4.48000E-03,+199.42996E-03,+212.72456E-03
+4.49000E-03,+199.21011E-03,+212.72456E-03
+4.50000E-03,+199.17870E-03,+212.97581E-03
+4.51000E-03,+199.17870E-03,+212.72456E-03
+4.52000E-03,+199.17870E-03,+212.72456E-03
+4.53000E-03,+199.17870E-03,+212.72456E-03
+4.54000E-03,+199.17870E-03,+212.72456E-03
+4.55000E-03,+199.17870E-03,+212.53612E-03
+4.56000E-03,+199.42996E-03,+212.72456E-03
+4.57000E-03,+199.19441E-03,+212.50471E-03
+4.58000E-03,+199.35144E-03,+212.66174E-03
+4.59000E-03,+199.30433E-03,+212.59893E-03
+4.60000E-03,+199.42996E-03,+212.33197E-03
+4.61000E-03,+199.42996E-03,+212.42619E-03
+4.62000E-03,+199.42996E-03,+212.45760E-03
+4.63000E-03,+199.42996E-03,+212.25345E-03
+4.64000E-03,+199.42996E-03,+211.97079E-03
+4.65000E-03,+199.42996E-03,+212.22205E-03
+4.66000E-03,+199.42996E-03,+212.36338E-03
+4.67000E-03,+199.35144E-03,+211.97079E-03
+4.68000E-03,+199.42996E-03,+212.47330E-03
+4.69000E-03,+199.17870E-03,+212.22205E-03
+4.70000E-03,+199.22581E-03,+212.17493E-03
+4.71000E-03,+199.17870E-03,+212.22205E-03
+4.72000E-03,+199.42996E-03,+212.23775E-03
+4.73000E-03,+199.17870E-03,+212.39478E-03
+4.74000E-03,+199.17870E-03,+212.19064E-03
+4.75000E-03,+199.42996E-03,+212.22205E-03
+4.76000E-03,+199.21011E-03,+212.47330E-03
+4.77000E-03,+199.42996E-03,+212.22205E-03
+4.78000E-03,+199.42996E-03,+212.11212E-03
+4.79000E-03,+199.33574E-03,+212.15923E-03
+4.80000E-03,+199.42996E-03,+212.03360E-03
+4.81000E-03,+199.42996E-03,+212.22205E-03
+4.82000E-03,+199.42996E-03,+211.97079E-03
+4.83000E-03,+199.42996E-03,+212.22205E-03
+4.84000E-03,+199.42996E-03,+211.97079E-03
+4.85000E-03,+199.42996E-03,+211.87657E-03
+4.86000E-03,+199.42996E-03,+211.59390E-03
+4.87000E-03,+199.42996E-03,+212.22205E-03
+4.88000E-03,+199.42996E-03,+211.97079E-03
+4.89000E-03,+199.42996E-03,+211.78235E-03
+4.90000E-03,+199.42996E-03,+211.82946E-03
+4.91000E-03,+199.42996E-03,+211.97079E-03
+4.92000E-03,+199.42996E-03,+211.86086E-03
+4.93000E-03,+199.42996E-03,+211.71953E-03
+4.94000E-03,+199.42996E-03,+211.97079E-03
+4.95000E-03,+199.42996E-03,+212.03360E-03
+4.96000E-03,+199.42996E-03,+211.71953E-03
+4.97000E-03,+199.42996E-03,+211.71953E-03
+4.98000E-03,+199.42996E-03,+212.14353E-03
+4.99000E-03,+199.42996E-03,+211.97079E-03
+5.00000E-03,+199.42996E-03,+211.97079E-03
+5.01000E-03,+199.21011E-03,+211.97079E-03
+5.02000E-03,+199.42996E-03,+212.22205E-03
+5.03000E-03,+199.30433E-03,+212.09642E-03
+5.04000E-03,+199.42996E-03,+211.97079E-03
+5.05000E-03,+199.17870E-03,+212.03360E-03
+5.06000E-03,+199.17870E-03,+212.22205E-03
+5.07000E-03,+199.42996E-03,+211.97079E-03
+5.08000E-03,+199.42996E-03,+212.22205E-03
+5.09000E-03,+199.30433E-03,+212.09642E-03
+5.10000E-03,+199.32004E-03,+212.08071E-03
+5.11000E-03,+199.36715E-03,+212.22205E-03
+5.12000E-03,+199.42996E-03,+212.00220E-03
+5.13000E-03,+199.39855E-03,+212.00220E-03
+5.14000E-03,+199.36715E-03,+211.97079E-03
+5.15000E-03,+199.42996E-03,+212.12782E-03
+5.16000E-03,+199.42996E-03,+212.22205E-03
+5.17000E-03,+199.24152E-03,+212.04931E-03
+5.18000E-03,+199.39855E-03,+211.97079E-03
+5.19000E-03,+199.17870E-03,+212.22205E-03
+5.20000E-03,+199.42996E-03,+212.12782E-03
+5.21000E-03,+199.33574E-03,+212.22205E-03
+5.22000E-03,+199.42996E-03,+211.97079E-03
+5.23000E-03,+199.25722E-03,+212.06501E-03
+5.24000E-03,+199.42996E-03,+212.19064E-03
+5.25000E-03,+199.42996E-03,+212.22205E-03
+5.26000E-03,+199.42996E-03,+211.76664E-03
+5.27000E-03,+199.42996E-03,+211.97079E-03
+5.28000E-03,+199.42996E-03,+212.09642E-03
+5.29000E-03,+199.42996E-03,+212.22205E-03
+5.30000E-03,+199.42996E-03,+211.97079E-03
+5.31000E-03,+199.42996E-03,+212.22205E-03
+5.32000E-03,+199.42996E-03,+212.00220E-03
+5.33000E-03,+199.42996E-03,+212.15923E-03
+5.34000E-03,+199.42996E-03,+211.97079E-03
+5.35000E-03,+199.42996E-03,+211.82946E-03
+5.36000E-03,+199.42996E-03,+212.03360E-03
+5.37000E-03,+199.39855E-03,+211.75094E-03
+5.38000E-03,+199.42996E-03,+211.95509E-03
+5.39000E-03,+199.42996E-03,+212.17493E-03
+5.40000E-03,+199.32004E-03,+211.87657E-03
+5.41000E-03,+199.42996E-03,+211.84516E-03
+5.42000E-03,+199.35144E-03,+211.97079E-03
+5.43000E-03,+199.42996E-03,+211.97079E-03
+5.44000E-03,+199.42996E-03,+212.22205E-03
+5.45000E-03,+199.42996E-03,+211.97079E-03
+5.46000E-03,+199.25722E-03,+211.89227E-03
+5.47000E-03,+199.42996E-03,+211.97079E-03
+5.48000E-03,+199.42996E-03,+211.89227E-03
+5.49000E-03,+199.42996E-03,+211.71953E-03
+5.50000E-03,+199.42996E-03,+211.97079E-03
+5.51000E-03,+199.42996E-03,+211.76664E-03
+5.52000E-03,+199.25722E-03,+211.97079E-03
+5.53000E-03,+199.42996E-03,+211.84516E-03
+5.54000E-03,+199.17870E-03,+211.97079E-03
+5.55000E-03,+199.36715E-03,+211.92368E-03
+5.56000E-03,+199.42996E-03,+211.71953E-03
+5.57000E-03,+199.39855E-03,+212.20634E-03
+5.58000E-03,+199.42996E-03,+211.97079E-03
+5.59000E-03,+199.42996E-03,+211.84516E-03
+5.60000E-03,+199.42996E-03,+211.97079E-03
+5.61000E-03,+199.42996E-03,+211.97079E-03
+5.62000E-03,+199.42996E-03,+212.20634E-03
+5.63000E-03,+199.17870E-03,+212.20634E-03
+5.64000E-03,+199.42996E-03,+211.78235E-03
+5.65000E-03,+199.42996E-03,+211.87657E-03
+5.66000E-03,+199.42996E-03,+211.86086E-03
+5.67000E-03,+199.42996E-03,+211.60961E-03
+5.68000E-03,+199.19441E-03,+211.75094E-03
+5.69000E-03,+199.42996E-03,+211.73524E-03
+5.70000E-03,+199.42996E-03,+211.71953E-03
+5.71000E-03,+199.33574E-03,+211.56250E-03
+5.72000E-03,+199.42996E-03,+211.71953E-03
+5.73000E-03,+199.17870E-03,+211.81375E-03
+5.74000E-03,+199.21011E-03,+211.46828E-03
+5.75000E-03,+199.17870E-03,+211.71953E-03
+5.76000E-03,+199.42996E-03,+211.51539E-03
+5.77000E-03,+199.42996E-03,+211.46828E-03
+5.78000E-03,+199.42996E-03,+211.71953E-03
+5.79000E-03,+199.17870E-03,+211.71953E-03
+5.80000E-03,+199.22581E-03,+211.78235E-03
+5.81000E-03,+199.17870E-03,+211.71953E-03
+5.82000E-03,+199.19441E-03,+211.46828E-03
+5.83000E-03,+199.24152E-03,+211.54679E-03
+5.84000E-03,+199.30433E-03,+211.59390E-03
+5.85000E-03,+199.42996E-03,+211.62531E-03
+5.86000E-03,+199.17870E-03,+211.71953E-03
+5.87000E-03,+199.17870E-03,+211.24843E-03
+5.88000E-03,+199.42996E-03,+211.46828E-03
+5.89000E-03,+199.17870E-03,+211.67242E-03
+5.90000E-03,+199.42996E-03,+211.32694E-03
+5.91000E-03,+199.05308E-03,+211.59390E-03
+5.92000E-03,+199.17870E-03,+211.71953E-03
+5.93000E-03,+199.42996E-03,+211.24843E-03
+5.94000E-03,+199.42996E-03,+211.48398E-03
+5.95000E-03,+199.22581E-03,+211.46828E-03
+5.96000E-03,+199.42996E-03,+211.46828E-03
+5.97000E-03,+199.42996E-03,+211.21702E-03
+5.98000E-03,+199.42996E-03,+211.21702E-03
+5.99000E-03,+199.42996E-03,+211.21702E-03
+6.00000E-03,+199.42996E-03,+211.21702E-03
+6.01000E-03,+199.42996E-03,+211.21702E-03
+6.02000E-03,+199.42996E-03,+211.46828E-03
+6.03000E-03,+199.17870E-03,+211.21702E-03
+6.04000E-03,+199.42996E-03,+211.21702E-03
+6.05000E-03,+199.42996E-03,+211.21702E-03
+6.06000E-03,+199.41426E-03,+211.21702E-03
+6.07000E-03,+199.42996E-03,+211.21702E-03
+6.08000E-03,+199.24152E-03,+211.04428E-03
+6.09000E-03,+199.42996E-03,+210.96576E-03
+6.10000E-03,+199.42996E-03,+211.07569E-03
+6.11000E-03,+199.42996E-03,+210.96576E-03
+6.12000E-03,+199.42996E-03,+211.20132E-03
+6.13000E-03,+199.19441E-03,+211.20132E-03
+6.14000E-03,+199.42996E-03,+210.91865E-03
+6.15000E-03,+199.32004E-03,+211.21702E-03
+6.16000E-03,+199.42996E-03,+210.96576E-03
+6.17000E-03,+199.42996E-03,+210.96576E-03
+6.18000E-03,+199.42996E-03,+211.20132E-03
+6.19000E-03,+199.42996E-03,+210.96576E-03
+6.20000E-03,+199.22581E-03,+210.96576E-03
+6.21000E-03,+199.42996E-03,+210.96576E-03
+6.22000E-03,+199.42996E-03,+210.84014E-03
+6.23000E-03,+199.33574E-03,+210.88725E-03
+6.24000E-03,+199.63411E-03,+210.76162E-03
+6.25000E-03,+199.41426E-03,+210.71451E-03
+6.26000E-03,+199.21011E-03,+210.51036E-03
+6.27000E-03,+199.33574E-03,+210.71451E-03
+6.28000E-03,+199.42996E-03,+210.85584E-03
+6.29000E-03,+199.42996E-03,+210.63599E-03
+6.30000E-03,+199.42996E-03,+210.66740E-03
+6.31000E-03,+199.42996E-03,+210.46325E-03
+6.32000E-03,+199.42996E-03,+210.71451E-03
+6.33000E-03,+199.42996E-03,+210.54177E-03
+6.34000E-03,+199.42996E-03,+210.58888E-03
+6.35000E-03,+199.42996E-03,+210.57318E-03
+6.36000E-03,+199.42996E-03,+210.71451E-03
+6.37000E-03,+199.42996E-03,+210.24340E-03
+6.38000E-03,+199.42996E-03,+210.95006E-03
+6.39000E-03,+199.42996E-03,+210.71451E-03
+6.40000E-03,+199.42996E-03,+210.87154E-03
+6.41000E-03,+199.30433E-03,+210.46325E-03
+6.42000E-03,+199.42996E-03,+210.71451E-03
+6.43000E-03,+199.42996E-03,+210.95006E-03
+6.44000E-03,+199.42996E-03,+210.71451E-03
+6.45000E-03,+199.42996E-03,+210.41614E-03
+6.46000E-03,+199.33574E-03,+210.79302E-03
+6.47000E-03,+199.42996E-03,+210.71451E-03
+6.48000E-03,+199.42996E-03,+210.63599E-03
+6.49000E-03,+199.38285E-03,+210.46325E-03
+6.50000E-03,+199.42996E-03,+210.21199E-03
+6.51000E-03,+199.42996E-03,+210.46325E-03
+6.52000E-03,+199.42996E-03,+210.38473E-03
+6.53000E-03,+199.42996E-03,+210.46325E-03
+6.54000E-03,+199.42996E-03,+210.38473E-03
+6.55000E-03,+199.22581E-03,+210.46325E-03
+6.56000E-03,+199.42996E-03,+210.21199E-03
+6.57000E-03,+199.42996E-03,+210.63599E-03
+6.58000E-03,+199.35144E-03,+210.40044E-03
+6.59000E-03,+199.42996E-03,+210.33762E-03
+6.60000E-03,+199.32004E-03,+210.46325E-03
+6.61000E-03,+199.42996E-03,+210.46325E-03
+6.62000E-03,+199.42996E-03,+210.46325E-03
+6.63000E-03,+199.39855E-03,+210.46325E-03
+6.64000E-03,+199.42996E-03,+210.21199E-03
+6.65000E-03,+199.42996E-03,+210.46325E-03
+6.66000E-03,+199.42996E-03,+210.21199E-03
+6.67000E-03,+199.42996E-03,+210.40044E-03
+6.68000E-03,+199.42996E-03,+210.46325E-03
+6.69000E-03,+199.42996E-03,+210.21199E-03
+6.70000E-03,+199.47707E-03,+210.21199E-03
+6.71000E-03,+199.42996E-03,+210.30622E-03
+6.72000E-03,+199.42996E-03,+210.21199E-03
+6.73000E-03,+199.42996E-03,+210.38473E-03
+6.74000E-03,+199.42996E-03,+210.25911E-03
+6.75000E-03,+199.42996E-03,+210.21199E-03
+6.76000E-03,+199.42996E-03,+210.18059E-03
+6.77000E-03,+199.42996E-03,+210.21199E-03
+6.78000E-03,+199.28863E-03,+210.33762E-03
+6.79000E-03,+199.42996E-03,+210.21199E-03
+6.80000E-03,+199.42996E-03,+210.27481E-03
+6.81000E-03,+199.42996E-03,+210.21199E-03
+6.82000E-03,+199.42996E-03,+210.21199E-03
+6.83000E-03,+199.42996E-03,+210.21199E-03
+6.84000E-03,+199.42996E-03,+209.96074E-03
+6.85000E-03,+199.42996E-03,+210.21199E-03
+6.86000E-03,+199.42996E-03,+210.21199E-03
+6.87000E-03,+199.42996E-03,+209.99215E-03
+6.88000E-03,+199.42996E-03,+210.21199E-03
+6.89000E-03,+199.42996E-03,+209.96074E-03
+6.90000E-03,+199.42996E-03,+210.21199E-03
+6.91000E-03,+199.42996E-03,+210.10207E-03
+6.92000E-03,+199.42996E-03,+210.03926E-03
+6.93000E-03,+199.42996E-03,+210.21199E-03
+6.94000E-03,+199.42996E-03,+209.97644E-03
+6.95000E-03,+199.42996E-03,+210.21199E-03
+6.96000E-03,+199.42996E-03,+210.05496E-03
+6.97000E-03,+199.42996E-03,+210.21199E-03
+6.98000E-03,+199.42996E-03,+210.21199E-03
+6.99000E-03,+199.42996E-03,+209.96074E-03
+7.00000E-03,+199.42996E-03,+210.21199E-03
+7.01000E-03,+199.42996E-03,+209.96074E-03
+7.02000E-03,+199.42996E-03,+210.13348E-03
+7.03000E-03,+199.42996E-03,+210.21199E-03
+7.04000E-03,+199.42996E-03,+209.96074E-03
+7.05000E-03,+199.22581E-03,+210.21199E-03
+7.06000E-03,+199.42996E-03,+210.21199E-03
+7.07000E-03,+199.42996E-03,+210.21199E-03
+7.08000E-03,+199.42996E-03,+210.03926E-03
+7.09000E-03,+199.42996E-03,+209.96074E-03
+7.10000E-03,+199.42996E-03,+209.96074E-03
+7.11000E-03,+199.42996E-03,+210.27481E-03
+7.12000E-03,+199.42996E-03,+210.19629E-03
+7.13000E-03,+199.42996E-03,+209.99215E-03
+7.14000E-03,+199.42996E-03,+209.96074E-03
+7.15000E-03,+199.42996E-03,+210.11777E-03
+7.16000E-03,+199.55559E-03,+210.21199E-03
+7.17000E-03,+199.24152E-03,+209.96074E-03
+7.18000E-03,+199.42996E-03,+209.96074E-03
+7.19000E-03,+199.42996E-03,+209.97644E-03
+7.20000E-03,+199.42996E-03,+209.96074E-03
+7.21000E-03,+199.42996E-03,+209.96074E-03
+7.22000E-03,+199.42996E-03,+209.96074E-03
+7.23000E-03,+199.42996E-03,+210.13348E-03
+7.24000E-03,+199.21011E-03,+210.00785E-03
+7.25000E-03,+199.42996E-03,+210.21199E-03
+7.26000E-03,+199.42996E-03,+210.18059E-03
+7.27000E-03,+199.42996E-03,+210.05496E-03
+7.28000E-03,+199.28863E-03,+209.96074E-03
+7.29000E-03,+199.33574E-03,+209.96074E-03
+7.30000E-03,+199.36715E-03,+210.16488E-03
+7.31000E-03,+199.41426E-03,+209.96074E-03
+7.32000E-03,+199.42996E-03,+209.96074E-03
+7.33000E-03,+199.42996E-03,+209.89792E-03
+7.34000E-03,+199.42996E-03,+209.96074E-03
+7.35000E-03,+199.42996E-03,+209.81941E-03
+7.36000E-03,+199.22581E-03,+209.96074E-03
+7.37000E-03,+199.42996E-03,+209.96074E-03
+7.38000E-03,+199.42996E-03,+209.96074E-03
+7.39000E-03,+199.42996E-03,+209.96074E-03
+7.40000E-03,+199.17870E-03,+209.96074E-03
+7.41000E-03,+199.42996E-03,+209.85081E-03
+7.42000E-03,+199.35144E-03,+209.96074E-03
+7.43000E-03,+199.42996E-03,+209.96074E-03
+7.44000E-03,+199.17870E-03,+210.21199E-03
+7.45000E-03,+199.42996E-03,+209.70948E-03
+7.46000E-03,+199.17870E-03,+209.96074E-03
+7.47000E-03,+199.42996E-03,+209.85081E-03
+7.48000E-03,+199.33574E-03,+209.96074E-03
+7.49000E-03,+199.21011E-03,+209.96074E-03
+7.50000E-03,+199.41426E-03,+209.70948E-03
+7.51000E-03,+199.38285E-03,+209.96074E-03
+7.52000E-03,+199.42996E-03,+209.70948E-03
+7.53000E-03,+199.42996E-03,+210.08637E-03
+7.54000E-03,+199.42996E-03,+209.70948E-03
+7.55000E-03,+199.17870E-03,+209.96074E-03
+7.56000E-03,+199.17870E-03,+209.70948E-03
+7.57000E-03,+199.39855E-03,+209.94504E-03
+7.58000E-03,+199.42996E-03,+209.78800E-03
+7.59000E-03,+199.42996E-03,+209.85081E-03
+7.60000E-03,+199.42996E-03,+210.21199E-03
+7.61000E-03,+199.22581E-03,+209.70948E-03
+7.62000E-03,+199.17870E-03,+210.21199E-03
+7.63000E-03,+199.42996E-03,+209.74089E-03
+7.64000E-03,+199.42996E-03,+209.77230E-03
+7.65000E-03,+199.32004E-03,+209.96074E-03
+7.66000E-03,+199.42996E-03,+209.70948E-03
+7.67000E-03,+199.42996E-03,+210.14918E-03
+7.68000E-03,+199.42996E-03,+209.74089E-03
+7.69000E-03,+199.17870E-03,+210.21199E-03
+7.70000E-03,+199.36715E-03,+209.96074E-03
+7.71000E-03,+199.42996E-03,+210.13348E-03
+7.72000E-03,+199.42996E-03,+210.21199E-03
+7.73000E-03,+199.68122E-03,+209.70948E-03
+7.74000E-03,+199.42996E-03,+210.38473E-03
+7.75000E-03,+199.42996E-03,+209.96074E-03
+7.76000E-03,+199.42996E-03,+209.96074E-03
+7.77000E-03,+199.17870E-03,+210.05496E-03
+7.78000E-03,+199.42996E-03,+209.70948E-03
+7.79000E-03,+199.25722E-03,+210.05496E-03
+7.80000E-03,+199.42996E-03,+209.70948E-03
+7.81000E-03,+199.42996E-03,+209.96074E-03
+7.82000E-03,+199.42996E-03,+210.02355E-03
+7.83000E-03,+199.42996E-03,+209.78800E-03
+7.84000E-03,+199.30433E-03,+210.10207E-03
+7.85000E-03,+199.42996E-03,+209.96074E-03
+7.86000E-03,+199.42996E-03,+209.96074E-03
+7.87000E-03,+199.42996E-03,+209.99215E-03
+7.88000E-03,+199.42996E-03,+209.70948E-03
+7.89000E-03,+199.42996E-03,+210.21199E-03
+7.90000E-03,+199.42996E-03,+209.96074E-03
+7.91000E-03,+199.42996E-03,+209.70948E-03
+7.92000E-03,+199.24152E-03,+210.14918E-03
+7.93000E-03,+199.42996E-03,+209.70948E-03
+7.94000E-03,+199.42996E-03,+209.96074E-03
+7.95000E-03,+199.36715E-03,+209.96074E-03
+7.96000E-03,+199.42996E-03,+209.70948E-03
+7.97000E-03,+199.28863E-03,+210.46325E-03
+7.98000E-03,+199.50848E-03,+209.63096E-03
+7.99000E-03,+199.42996E-03,+209.75659E-03
+8.00000E-03,+199.17870E-03,+209.96074E-03
+8.01000E-03,+199.42996E-03,+209.67808E-03
+8.02000E-03,+199.25722E-03,+209.96074E-03
+8.03000E-03,+199.42996E-03,+209.96074E-03
+8.04000E-03,+199.42996E-03,+209.70948E-03
+8.05000E-03,+199.42996E-03,+210.16488E-03
+8.06000E-03,+199.68122E-03,+209.70948E-03
+8.07000E-03,+199.42996E-03,+209.96074E-03
+8.08000E-03,+199.42996E-03,+209.96074E-03
+8.09000E-03,+199.53988E-03,+209.70948E-03
+8.10000E-03,+199.42996E-03,+210.11777E-03
+8.11000E-03,+199.42996E-03,+209.91363E-03
+8.12000E-03,+199.42996E-03,+209.74089E-03
+8.13000E-03,+199.42996E-03,+209.99215E-03
+8.14000E-03,+199.47707E-03,+209.66237E-03
+8.15000E-03,+199.42996E-03,+210.11777E-03
+8.16000E-03,+199.42996E-03,+209.85081E-03
+8.17000E-03,+199.42996E-03,+209.45823E-03
+8.18000E-03,+199.42996E-03,+210.21199E-03
+8.19000E-03,+199.42996E-03,+209.47393E-03
+8.20000E-03,+199.42996E-03,+209.66237E-03
+8.21000E-03,+199.42996E-03,+209.88222E-03
+8.22000E-03,+199.42996E-03,+209.70948E-03
+8.23000E-03,+199.58700E-03,+210.05496E-03
+8.24000E-03,+199.42996E-03,+209.70948E-03
+8.25000E-03,+199.42996E-03,+209.47393E-03
+8.26000E-03,+199.42996E-03,+209.92933E-03
+8.27000E-03,+199.25722E-03,+209.55245E-03
+8.28000E-03,+199.42996E-03,+209.70948E-03
+8.29000E-03,+199.25722E-03,+209.96074E-03
+8.30000E-03,+199.42996E-03,+209.70948E-03
+8.31000E-03,+199.42996E-03,+209.96074E-03
+8.32000E-03,+199.42996E-03,+209.74089E-03
+8.33000E-03,+199.42996E-03,+209.70948E-03
+8.34000E-03,+199.42996E-03,+209.96074E-03
+8.35000E-03,+199.57129E-03,+209.86652E-03
+8.36000E-03,+199.61840E-03,+209.70948E-03
+8.37000E-03,+199.42996E-03,+209.74089E-03
+8.38000E-03,+199.42996E-03,+209.70948E-03
+8.39000E-03,+199.42996E-03,+209.70948E-03
+8.40000E-03,+199.42996E-03,+209.81941E-03
+8.41000E-03,+199.42996E-03,+209.70948E-03
+8.42000E-03,+199.42996E-03,+209.70948E-03
+8.43000E-03,+199.42996E-03,+209.70948E-03
+8.44000E-03,+199.42996E-03,+209.70948E-03
+8.45000E-03,+199.42996E-03,+209.77230E-03
+8.46000E-03,+199.42996E-03,+209.80370E-03
+8.47000E-03,+199.42996E-03,+209.70948E-03
+8.48000E-03,+199.42996E-03,+209.80370E-03
+8.49000E-03,+199.42996E-03,+209.70948E-03
+8.50000E-03,+199.42996E-03,+209.70948E-03
+8.51000E-03,+199.42996E-03,+209.70948E-03
+8.52000E-03,+199.42996E-03,+209.63096E-03
+8.53000E-03,+199.28863E-03,+209.70948E-03
+8.54000E-03,+199.42996E-03,+209.70948E-03
+8.55000E-03,+199.42996E-03,+209.70948E-03
+8.56000E-03,+199.17870E-03,+209.96074E-03
+8.57000E-03,+199.44566E-03,+209.70948E-03
+8.58000E-03,+199.42996E-03,+209.70948E-03
+8.59000E-03,+199.28863E-03,+209.83511E-03
+8.60000E-03,+199.68122E-03,+209.61526E-03
+8.61000E-03,+199.42996E-03,+209.96074E-03
+8.62000E-03,+199.42996E-03,+209.70948E-03
+8.63000E-03,+199.42996E-03,+209.70948E-03
+8.64000E-03,+199.42996E-03,+209.96074E-03
+8.65000E-03,+199.42996E-03,+209.45823E-03
+8.66000E-03,+199.42996E-03,+209.70948E-03
+8.67000E-03,+199.42996E-03,+209.96074E-03
+8.68000E-03,+199.42996E-03,+209.69378E-03
+8.69000E-03,+199.42996E-03,+209.70948E-03
+8.70000E-03,+199.42996E-03,+209.70948E-03
+8.71000E-03,+199.42996E-03,+209.70948E-03
+8.72000E-03,+199.42996E-03,+209.70948E-03
+8.73000E-03,+199.58700E-03,+209.45823E-03
+8.74000E-03,+199.42996E-03,+209.75659E-03
+8.75000E-03,+199.17870E-03,+209.70948E-03
+8.76000E-03,+199.42996E-03,+209.70948E-03
+8.77000E-03,+199.33574E-03,+209.88222E-03
+8.78000E-03,+199.42996E-03,+209.70948E-03
+8.79000E-03,+199.42996E-03,+209.88222E-03
+8.80000E-03,+199.42996E-03,+209.91363E-03
+8.81000E-03,+199.66551E-03,+209.70948E-03
+8.82000E-03,+199.19441E-03,+209.94504E-03
+8.83000E-03,+199.35144E-03,+209.78800E-03
+8.84000E-03,+199.55559E-03,+209.45823E-03
+8.85000E-03,+199.32004E-03,+210.21199E-03
+8.86000E-03,+199.22581E-03,+209.66237E-03
+8.87000E-03,+199.42996E-03,+209.69378E-03
+8.88000E-03,+199.42996E-03,+209.70948E-03
+8.89000E-03,+199.42996E-03,+209.70948E-03
+8.90000E-03,+199.42996E-03,+209.70948E-03
+8.91000E-03,+199.42996E-03,+209.70948E-03
+8.92000E-03,+199.42996E-03,+209.45823E-03
+8.93000E-03,+199.42996E-03,+209.96074E-03
+8.94000E-03,+199.17870E-03,+209.47393E-03
+8.95000E-03,+199.42996E-03,+209.66237E-03
+8.96000E-03,+199.42996E-03,+210.13348E-03
+8.97000E-03,+199.42996E-03,+209.59956E-03
+8.98000E-03,+199.33574E-03,+209.70948E-03
+8.99000E-03,+199.17870E-03,+209.70948E-03
+9.00000E-03,+199.17870E-03,+209.70948E-03
+9.01000E-03,+199.21011E-03,+209.70948E-03
+9.02000E-03,+199.33574E-03,+209.55245E-03
+9.03000E-03,+199.42996E-03,+209.45823E-03
+9.04000E-03,+199.25722E-03,+209.80370E-03
+9.05000E-03,+199.42996E-03,+209.66237E-03
+9.06000E-03,+199.42996E-03,+209.47393E-03
+9.07000E-03,+199.19441E-03,+209.74089E-03
+9.08000E-03,+199.35144E-03,+209.70948E-03
+9.09000E-03,+199.42996E-03,+209.45823E-03
+9.10000E-03,+199.17870E-03,+209.70948E-03
+9.11000E-03,+199.42996E-03,+209.52104E-03
+9.12000E-03,+199.17870E-03,+209.70948E-03
+9.13000E-03,+199.42996E-03,+209.70948E-03
+9.14000E-03,+199.42996E-03,+209.66237E-03
+9.15000E-03,+199.17870E-03,+209.81941E-03
+9.16000E-03,+199.42996E-03,+209.70948E-03
+9.17000E-03,+199.42996E-03,+209.70948E-03
+9.18000E-03,+199.39855E-03,+209.94504E-03
+9.19000E-03,+199.42996E-03,+209.70948E-03
+9.20000E-03,+199.42996E-03,+209.70948E-03
+9.21000E-03,+199.42996E-03,+209.63096E-03
+9.22000E-03,+199.42996E-03,+209.59956E-03
+9.23000E-03,+199.42996E-03,+209.96074E-03
+9.24000E-03,+199.42996E-03,+209.45823E-03
+9.25000E-03,+199.66551E-03,+209.70948E-03
+9.26000E-03,+199.42996E-03,+209.96074E-03
+9.27000E-03,+199.42996E-03,+209.70948E-03
+9.28000E-03,+199.42996E-03,+209.70948E-03
+9.29000E-03,+199.42996E-03,+209.70948E-03
+9.30000E-03,+199.22581E-03,+209.70948E-03
+9.31000E-03,+199.42996E-03,+209.96074E-03
+9.32000E-03,+199.42996E-03,+209.69378E-03
+9.33000E-03,+199.42996E-03,+209.70948E-03
+9.34000E-03,+199.28863E-03,+209.70948E-03
+9.35000E-03,+199.42996E-03,+209.56815E-03
+9.36000E-03,+199.42996E-03,+209.70948E-03
+9.37000E-03,+199.42996E-03,+209.70948E-03
+9.38000E-03,+199.19441E-03,+209.70948E-03
+9.39000E-03,+199.42996E-03,+209.70948E-03
+9.40000E-03,+199.42996E-03,+209.70948E-03
+9.41000E-03,+199.30433E-03,+209.70948E-03
+9.42000E-03,+199.42996E-03,+209.70948E-03
+9.43000E-03,+199.42996E-03,+209.45823E-03
+9.44000E-03,+199.42996E-03,+209.70948E-03
+9.45000E-03,+199.42996E-03,+209.70948E-03
+9.46000E-03,+199.42996E-03,+209.45823E-03
+9.47000E-03,+199.42996E-03,+209.70948E-03
+9.48000E-03,+199.42996E-03,+209.70948E-03
+9.49000E-03,+199.42996E-03,+209.70948E-03
+9.50000E-03,+199.42996E-03,+209.70948E-03
+9.51000E-03,+199.42996E-03,+209.67808E-03
+9.52000E-03,+199.25722E-03,+209.88222E-03
+9.53000E-03,+199.42996E-03,+209.45823E-03
+9.54000E-03,+199.42996E-03,+209.55245E-03
+9.55000E-03,+199.42996E-03,+209.77230E-03
+9.56000E-03,+199.17870E-03,+209.70948E-03
+9.57000E-03,+199.42996E-03,+209.70948E-03
+9.58000E-03,+199.42996E-03,+209.70948E-03
+9.59000E-03,+199.17870E-03,+209.70948E-03
+9.60000E-03,+199.17870E-03,+209.70948E-03
+9.61000E-03,+199.42996E-03,+209.45823E-03
+9.62000E-03,+199.39855E-03,+209.70948E-03
+9.63000E-03,+199.17870E-03,+209.74089E-03
+9.64000E-03,+199.17870E-03,+209.52104E-03
+9.65000E-03,+199.32004E-03,+209.70948E-03
+9.66000E-03,+199.28863E-03,+209.59956E-03
+9.67000E-03,+199.17870E-03,+209.96074E-03
+9.68000E-03,+199.42996E-03,+209.70948E-03
+9.69000E-03,+199.41426E-03,+209.45823E-03
+9.70000E-03,+199.36715E-03,+209.70948E-03
+9.71000E-03,+199.33574E-03,+209.80370E-03
+9.72000E-03,+199.42996E-03,+209.70948E-03
+9.73000E-03,+199.42996E-03,+209.70948E-03
+9.74000E-03,+199.38285E-03,+209.70948E-03
+9.75000E-03,+199.41426E-03,+209.72519E-03
+9.76000E-03,+199.17870E-03,+209.67808E-03
+9.77000E-03,+199.33574E-03,+209.45823E-03
+9.78000E-03,+199.17870E-03,+209.70948E-03
+9.79000E-03,+199.42996E-03,+209.70948E-03
+9.80000E-03,+199.36715E-03,+209.52104E-03
+9.81000E-03,+199.42996E-03,+209.96074E-03
+9.82000E-03,+199.17870E-03,+209.70948E-03
+9.83000E-03,+199.35144E-03,+209.70948E-03
+9.84000E-03,+199.42996E-03,+209.70948E-03
+9.85000E-03,+199.42996E-03,+209.70948E-03
+9.86000E-03,+199.42996E-03,+209.70948E-03
+9.87000E-03,+199.42996E-03,+209.48963E-03
+9.88000E-03,+199.42996E-03,+209.48963E-03
+9.89000E-03,+199.22581E-03,+209.70948E-03
+9.90000E-03,+199.42996E-03,+209.70948E-03
+9.91000E-03,+199.42996E-03,+209.45823E-03
+9.92000E-03,+199.42996E-03,+209.70948E-03
+9.93000E-03,+199.17870E-03,+209.70948E-03
+9.94000E-03,+199.66551E-03,+209.70948E-03
+9.95000E-03,+199.42996E-03,+209.70948E-03
+9.96000E-03,+199.42996E-03,+209.70948E-03
+9.97000E-03,+199.42996E-03,+209.70948E-03
+9.98000E-03,+199.25722E-03,+209.70948E-03
+9.99000E-03,+199.42996E-03,+209.50534E-03
+10.00000E-03,+199.42996E-03,+209.96074E-03
+10.01000E-03,+199.42996E-03,+209.50534E-03
+10.02000E-03,+199.42996E-03,+209.63096E-03
+10.03000E-03,+199.42996E-03,+209.70948E-03
+10.04000E-03,+199.42996E-03,+209.70948E-03
+10.05000E-03,+199.42996E-03,+209.70948E-03
+10.06000E-03,+199.42996E-03,+209.47393E-03
+10.07000E-03,+199.42996E-03,+209.69378E-03
+10.08000E-03,+199.42996E-03,+209.70948E-03
+10.09000E-03,+199.30433E-03,+209.45823E-03
+10.10000E-03,+199.42996E-03,+209.56815E-03
+10.11000E-03,+199.42996E-03,+209.70948E-03
+10.12000E-03,+199.42996E-03,+209.70948E-03
+10.13000E-03,+199.42996E-03,+209.70948E-03
+10.14000E-03,+199.42996E-03,+209.70948E-03
+10.15000E-03,+199.42996E-03,+209.70948E-03
+10.16000E-03,+199.42996E-03,+209.70948E-03
+10.17000E-03,+199.42996E-03,+209.70948E-03
+10.18000E-03,+199.42996E-03,+209.96074E-03
+10.19000E-03,+199.41426E-03,+209.96074E-03
+10.20000E-03,+199.42996E-03,+209.70948E-03
+10.21000E-03,+199.33574E-03,+209.70948E-03
+10.22000E-03,+199.30433E-03,+209.70948E-03
+10.23000E-03,+199.33574E-03,+209.70948E-03
+10.24000E-03,+199.42996E-03,+209.45823E-03
+10.25000E-03,+199.42996E-03,+209.70948E-03
+10.26000E-03,+199.21011E-03,+209.70948E-03
+10.27000E-03,+199.42996E-03,+209.70948E-03
+10.28000E-03,+199.42996E-03,+209.83511E-03
+10.29000E-03,+199.33574E-03,+209.70948E-03
+10.30000E-03,+199.17870E-03,+209.70948E-03
+10.31000E-03,+199.17870E-03,+209.70948E-03
+10.32000E-03,+199.39855E-03,+209.69378E-03
+10.33000E-03,+199.17870E-03,+209.70948E-03
+10.34000E-03,+199.30433E-03,+209.85081E-03
+10.35000E-03,+199.17870E-03,+209.70948E-03
+10.36000E-03,+199.17870E-03,+209.70948E-03
+10.37000E-03,+199.39855E-03,+209.70948E-03
+10.38000E-03,+199.17870E-03,+209.70948E-03
+10.39000E-03,+199.22581E-03,+209.70948E-03
+10.40000E-03,+199.42996E-03,+209.70948E-03
+10.41000E-03,+199.28863E-03,+209.70948E-03
+10.42000E-03,+199.42996E-03,+209.70948E-03
+10.43000E-03,+199.19441E-03,+209.70948E-03
+10.44000E-03,+199.42996E-03,+209.70948E-03
+10.45000E-03,+199.17870E-03,+209.70948E-03
+10.46000E-03,+199.42996E-03,+209.70948E-03
+10.47000E-03,+199.28863E-03,+209.70948E-03
+10.48000E-03,+199.42996E-03,+209.88222E-03
+10.49000E-03,+199.42996E-03,+209.67808E-03
+10.50000E-03,+199.42996E-03,+209.70948E-03
+10.51000E-03,+199.38285E-03,+209.67808E-03
+10.52000E-03,+199.33574E-03,+209.70948E-03
+10.53000E-03,+199.28863E-03,+209.58385E-03
+10.54000E-03,+199.25722E-03,+209.70948E-03
+10.55000E-03,+199.36715E-03,+209.52104E-03
+10.56000E-03,+199.42996E-03,+209.70948E-03
+10.57000E-03,+199.42996E-03,+209.70948E-03
+10.58000E-03,+199.42996E-03,+209.70948E-03
+10.59000E-03,+199.30433E-03,+209.70948E-03
+10.60000E-03,+199.42996E-03,+209.61526E-03
+10.61000E-03,+199.22581E-03,+209.70948E-03
+10.62000E-03,+199.42996E-03,+209.48963E-03
+10.63000E-03,+199.42996E-03,+209.70948E-03
+10.64000E-03,+199.36715E-03,+209.66237E-03
+10.65000E-03,+199.42996E-03,+209.70948E-03
+10.66000E-03,+199.42996E-03,+209.70948E-03
+10.67000E-03,+199.60270E-03,+209.70948E-03
+10.68000E-03,+199.42996E-03,+209.45823E-03
+10.69000E-03,+199.42996E-03,+209.47393E-03
+10.70000E-03,+199.42996E-03,+209.52104E-03
+10.71000E-03,+199.42996E-03,+209.55245E-03
+10.72000E-03,+199.42996E-03,+209.45823E-03
+10.73000E-03,+199.42996E-03,+209.45823E-03
+10.74000E-03,+199.42996E-03,+209.45823E-03
+10.75000E-03,+199.42996E-03,+209.45823E-03
+10.76000E-03,+199.42996E-03,+209.45823E-03
+10.77000E-03,+199.42996E-03,+209.70948E-03
+10.78000E-03,+199.53988E-03,+209.45823E-03
+10.79000E-03,+199.42996E-03,+209.45823E-03
+10.80000E-03,+199.42996E-03,+209.45823E-03
+10.81000E-03,+199.42996E-03,+209.45823E-03
+10.82000E-03,+199.42996E-03,+209.45823E-03
+10.83000E-03,+199.42996E-03,+209.45823E-03
+10.84000E-03,+199.42996E-03,+209.70948E-03
+10.85000E-03,+199.42996E-03,+209.56815E-03
+10.86000E-03,+199.42996E-03,+209.70948E-03
+10.87000E-03,+199.42996E-03,+209.45823E-03
+10.88000E-03,+199.42996E-03,+209.70948E-03
+10.89000E-03,+199.42996E-03,+209.52104E-03
+10.90000E-03,+199.42996E-03,+209.56815E-03
+10.91000E-03,+199.42996E-03,+209.45823E-03
+10.92000E-03,+199.42996E-03,+209.53674E-03
+10.93000E-03,+199.19441E-03,+209.70948E-03
+10.94000E-03,+199.42996E-03,+209.70948E-03
+10.95000E-03,+199.42996E-03,+209.45823E-03
+10.96000E-03,+199.42996E-03,+209.45823E-03
+10.97000E-03,+199.17870E-03,+209.70948E-03
+10.98000E-03,+199.42996E-03,+209.45823E-03
+10.99000E-03,+199.42996E-03,+209.45823E-03
+11.00000E-03,+199.42996E-03,+209.47393E-03
+11.01000E-03,+199.42996E-03,+209.45823E-03
+11.02000E-03,+199.33574E-03,+209.45823E-03
+11.03000E-03,+199.42996E-03,+209.70948E-03
+11.04000E-03,+199.42996E-03,+209.63096E-03
+11.05000E-03,+199.36715E-03,+209.45823E-03
+11.06000E-03,+199.42996E-03,+209.45823E-03
+11.07000E-03,+199.42996E-03,+209.48963E-03
+11.08000E-03,+199.24152E-03,+209.53674E-03
+11.09000E-03,+199.42996E-03,+209.45823E-03
+11.10000E-03,+199.42996E-03,+209.45823E-03
+11.11000E-03,+199.42996E-03,+209.52104E-03
+11.12000E-03,+199.42996E-03,+209.45823E-03
+11.13000E-03,+199.19441E-03,+209.69378E-03
+11.14000E-03,+199.42996E-03,+209.45823E-03
+11.15000E-03,+199.42996E-03,+209.70948E-03
+11.16000E-03,+199.28863E-03,+209.59956E-03
+11.17000E-03,+199.42996E-03,+209.45823E-03
+11.18000E-03,+199.19441E-03,+209.45823E-03
+11.19000E-03,+199.41426E-03,+209.70948E-03
+11.20000E-03,+199.42996E-03,+209.45823E-03
+11.21000E-03,+199.33574E-03,+209.45823E-03
+11.22000E-03,+199.17870E-03,+209.45823E-03
+11.23000E-03,+199.33574E-03,+209.55245E-03
+11.24000E-03,+199.42996E-03,+209.45823E-03
+11.25000E-03,+199.42996E-03,+209.45823E-03
+11.26000E-03,+199.42996E-03,+209.45823E-03
+11.27000E-03,+199.33574E-03,+209.45823E-03
+11.28000E-03,+199.42996E-03,+209.45823E-03
+11.29000E-03,+199.42996E-03,+209.45823E-03
+11.30000E-03,+199.36715E-03,+209.66237E-03
+11.31000E-03,+199.41426E-03,+209.45823E-03
+11.32000E-03,+199.42996E-03,+209.48963E-03
+11.33000E-03,+199.24152E-03,+209.45823E-03
+11.34000E-03,+199.42996E-03,+209.45823E-03
+11.35000E-03,+199.42996E-03,+209.45823E-03
+11.36000E-03,+199.42996E-03,+209.45823E-03
+11.37000E-03,+199.42996E-03,+209.48963E-03
+11.38000E-03,+199.42996E-03,+209.70948E-03
+11.39000E-03,+199.42996E-03,+209.66237E-03
+11.40000E-03,+199.42996E-03,+209.70948E-03
+11.41000E-03,+199.42996E-03,+209.58385E-03
+11.42000E-03,+199.42996E-03,+209.45823E-03
+11.43000E-03,+199.42996E-03,+209.70948E-03
+11.44000E-03,+199.42996E-03,+209.45823E-03
+11.45000E-03,+199.42996E-03,+209.66237E-03
+11.46000E-03,+199.42996E-03,+209.63096E-03
+11.47000E-03,+199.42996E-03,+209.58385E-03
+11.48000E-03,+199.42996E-03,+209.63096E-03
+11.49000E-03,+199.21011E-03,+209.67808E-03
+11.50000E-03,+199.42996E-03,+209.47393E-03
+11.51000E-03,+199.42996E-03,+209.70948E-03
+11.52000E-03,+199.42996E-03,+209.45823E-03
+11.53000E-03,+199.42996E-03,+209.59956E-03
+11.54000E-03,+199.42996E-03,+209.63096E-03
+11.55000E-03,+199.42996E-03,+209.66237E-03
+11.56000E-03,+199.42996E-03,+209.70948E-03
+11.57000E-03,+199.42996E-03,+209.70948E-03
+11.58000E-03,+199.42996E-03,+209.45823E-03
+11.59000E-03,+199.42996E-03,+209.58385E-03
+11.60000E-03,+199.42996E-03,+209.45823E-03
+11.61000E-03,+199.42996E-03,+209.45823E-03
+11.62000E-03,+199.44566E-03,+209.45823E-03
+11.63000E-03,+199.42996E-03,+209.70948E-03
+11.64000E-03,+199.22581E-03,+209.52104E-03
+11.65000E-03,+199.42996E-03,+209.56815E-03
+11.66000E-03,+199.42996E-03,+209.70948E-03
+11.67000E-03,+199.35144E-03,+209.64667E-03
+11.68000E-03,+199.42996E-03,+209.48963E-03
+11.69000E-03,+199.41426E-03,+209.70948E-03
+11.70000E-03,+199.42996E-03,+209.70948E-03
+11.71000E-03,+199.42996E-03,+209.70948E-03
+11.72000E-03,+199.42996E-03,+209.70948E-03
+11.73000E-03,+199.58700E-03,+209.70948E-03
+11.74000E-03,+199.42996E-03,+209.70948E-03
+11.75000E-03,+199.42996E-03,+209.70948E-03
+11.76000E-03,+199.42996E-03,+209.70948E-03
+11.77000E-03,+199.42996E-03,+209.70948E-03
+11.78000E-03,+199.42996E-03,+209.70948E-03
+11.79000E-03,+199.42996E-03,+209.70948E-03
+11.80000E-03,+199.42996E-03,+209.70948E-03
+11.81000E-03,+199.41426E-03,+209.70948E-03
+11.82000E-03,+199.42996E-03,+209.70948E-03
+11.83000E-03,+199.35144E-03,+209.70948E-03
+11.84000E-03,+199.42996E-03,+209.70948E-03
+11.85000E-03,+199.42996E-03,+209.70948E-03
+11.86000E-03,+199.42996E-03,+209.70948E-03
+11.87000E-03,+199.19441E-03,+209.69378E-03
+11.88000E-03,+199.42996E-03,+209.70948E-03
+11.89000E-03,+199.22581E-03,+209.70948E-03
+11.90000E-03,+199.32004E-03,+209.70948E-03
+11.91000E-03,+199.17870E-03,+209.59956E-03
+11.92000E-03,+199.42996E-03,+209.70948E-03
+11.93000E-03,+199.42996E-03,+209.70948E-03
+11.94000E-03,+199.17870E-03,+209.70948E-03
+11.95000E-03,+199.42996E-03,+209.77230E-03
+11.96000E-03,+199.42996E-03,+209.70948E-03
+11.97000E-03,+199.42996E-03,+209.70948E-03
+11.98000E-03,+199.42996E-03,+209.70948E-03
+11.99000E-03,+199.42996E-03,+209.70948E-03
+12.00000E-03,+199.17870E-03,+209.70948E-03
+12.01000E-03,+199.42996E-03,+209.70948E-03
+12.02000E-03,+199.42996E-03,+209.70948E-03
+12.03000E-03,+199.42996E-03,+209.70948E-03
+12.04000E-03,+199.42996E-03,+209.70948E-03
+12.05000E-03,+199.42996E-03,+209.70948E-03
+12.06000E-03,+199.41426E-03,+209.72519E-03
+12.07000E-03,+199.42996E-03,+209.69378E-03
+12.08000E-03,+199.24152E-03,+209.70948E-03
+12.09000E-03,+199.42996E-03,+209.58385E-03
+12.10000E-03,+199.42996E-03,+209.45823E-03
+12.11000E-03,+199.42996E-03,+209.70948E-03
+12.12000E-03,+199.39855E-03,+209.48963E-03
+12.13000E-03,+199.42996E-03,+209.69378E-03
+12.14000E-03,+199.42996E-03,+209.70948E-03
+12.15000E-03,+199.27292E-03,+209.70948E-03
+12.16000E-03,+199.42996E-03,+209.70948E-03
+12.17000E-03,+199.60270E-03,+209.64667E-03
+12.18000E-03,+199.42996E-03,+209.70948E-03
+12.19000E-03,+199.42996E-03,+209.70948E-03
+12.20000E-03,+199.36715E-03,+209.70948E-03
+12.21000E-03,+199.33574E-03,+209.70948E-03
+12.22000E-03,+199.42996E-03,+209.59956E-03
+12.23000E-03,+199.33574E-03,+209.70948E-03
+12.24000E-03,+199.21011E-03,+209.70948E-03
+12.25000E-03,+199.42996E-03,+209.70948E-03
+12.26000E-03,+199.38285E-03,+209.70948E-03
+12.27000E-03,+199.42996E-03,+209.70948E-03
+12.28000E-03,+199.55559E-03,+209.70948E-03
+12.29000E-03,+199.42996E-03,+209.70948E-03
+12.30000E-03,+199.42996E-03,+209.91363E-03
+12.31000E-03,+199.42996E-03,+209.70948E-03
+12.32000E-03,+199.42996E-03,+209.70948E-03
+12.33000E-03,+199.42996E-03,+209.70948E-03
+12.34000E-03,+199.30433E-03,+209.70948E-03
+12.35000E-03,+199.42996E-03,+209.70948E-03
+12.36000E-03,+199.42996E-03,+209.52104E-03
+12.37000E-03,+199.42996E-03,+209.70948E-03
+12.38000E-03,+199.42996E-03,+209.70948E-03
+12.39000E-03,+199.22581E-03,+209.70948E-03
+12.40000E-03,+199.42996E-03,+209.70948E-03
+12.41000E-03,+199.17870E-03,+209.70948E-03
+12.42000E-03,+199.42996E-03,+209.70948E-03
+12.43000E-03,+199.19441E-03,+209.70948E-03
+12.44000E-03,+199.41426E-03,+209.70948E-03
+12.45000E-03,+199.42996E-03,+209.77230E-03
+12.46000E-03,+199.42996E-03,+209.70948E-03
+12.47000E-03,+199.42996E-03,+209.70948E-03
+12.48000E-03,+199.33574E-03,+209.70948E-03
+12.49000E-03,+199.42996E-03,+209.92933E-03
+12.50000E-03,+199.42996E-03,+209.70948E-03
+12.51000E-03,+199.21011E-03,+209.70948E-03
+12.52000E-03,+199.42996E-03,+209.70948E-03
+12.53000E-03,+199.42996E-03,+209.70948E-03
+12.54000E-03,+199.42996E-03,+209.70948E-03
+12.55000E-03,+199.42996E-03,+209.70948E-03
+12.56000E-03,+199.42996E-03,+209.70948E-03
+12.57000E-03,+199.42996E-03,+209.70948E-03
+12.58000E-03,+199.42996E-03,+209.70948E-03
+12.59000E-03,+199.42996E-03,+209.70948E-03
+12.60000E-03,+199.42996E-03,+209.56815E-03
+12.61000E-03,+199.42996E-03,+209.45823E-03
+12.62000E-03,+199.42996E-03,+209.48963E-03
+12.63000E-03,+199.42996E-03,+209.48963E-03
+12.64000E-03,+199.42996E-03,+209.66237E-03
+12.65000E-03,+199.42996E-03,+209.45823E-03
+12.66000E-03,+199.42996E-03,+209.45823E-03
+12.67000E-03,+199.35144E-03,+209.64667E-03
+12.68000E-03,+199.42996E-03,+209.69378E-03
+12.69000E-03,+199.42996E-03,+209.45823E-03
+12.70000E-03,+199.42996E-03,+209.45823E-03
+12.71000E-03,+199.33574E-03,+209.70948E-03
+12.72000E-03,+199.42996E-03,+209.59956E-03
+12.73000E-03,+199.42996E-03,+209.63096E-03
+12.74000E-03,+199.42996E-03,+209.50534E-03
+12.75000E-03,+199.42996E-03,+209.70948E-03
+12.76000E-03,+199.42996E-03,+209.70948E-03
+12.77000E-03,+199.42996E-03,+209.70948E-03
+12.78000E-03,+199.30433E-03,+209.70948E-03
+12.79000E-03,+199.42996E-03,+209.70948E-03
+12.80000E-03,+199.36715E-03,+209.45823E-03
+12.81000E-03,+199.42996E-03,+209.45823E-03
+12.82000E-03,+199.42996E-03,+209.70948E-03
+12.83000E-03,+199.35144E-03,+209.53674E-03
+12.84000E-03,+199.42996E-03,+209.45823E-03
+12.85000E-03,+199.42996E-03,+209.61526E-03
+12.86000E-03,+199.36715E-03,+209.45823E-03
+12.87000E-03,+199.42996E-03,+209.45823E-03
+12.88000E-03,+199.42996E-03,+209.45823E-03
+12.89000E-03,+199.42996E-03,+209.45823E-03
+12.90000E-03,+199.42996E-03,+209.45823E-03
+12.91000E-03,+199.42996E-03,+209.58385E-03
+12.92000E-03,+199.42996E-03,+209.45823E-03
+12.93000E-03,+199.42996E-03,+209.45823E-03
+12.94000E-03,+199.42996E-03,+209.45823E-03
+12.95000E-03,+199.42996E-03,+209.45823E-03
+12.96000E-03,+199.42996E-03,+209.45823E-03
+12.97000E-03,+199.42996E-03,+209.45823E-03
+12.98000E-03,+199.42996E-03,+209.70948E-03
+12.99000E-03,+199.42996E-03,+209.45823E-03
+13.00000E-03,+199.42996E-03,+209.45823E-03
+13.01000E-03,+199.21011E-03,+209.45823E-03
+13.02000E-03,+199.42996E-03,+209.45823E-03
+13.03000E-03,+199.42996E-03,+209.59956E-03
+13.04000E-03,+199.42996E-03,+209.45823E-03
+13.05000E-03,+199.42996E-03,+209.45823E-03
+13.06000E-03,+199.42996E-03,+209.45823E-03
+13.07000E-03,+199.42996E-03,+209.45823E-03
+13.08000E-03,+199.35144E-03,+209.64667E-03
+13.09000E-03,+199.42996E-03,+209.45823E-03
+13.10000E-03,+199.42996E-03,+209.45823E-03
+13.11000E-03,+199.42996E-03,+209.45823E-03
+13.12000E-03,+199.42996E-03,+209.45823E-03
+13.13000E-03,+199.42996E-03,+209.45823E-03
+13.14000E-03,+199.36715E-03,+209.66237E-03
+13.15000E-03,+199.42996E-03,+209.45823E-03
+13.16000E-03,+199.42996E-03,+209.45823E-03
+13.17000E-03,+199.42996E-03,+209.45823E-03
+13.18000E-03,+199.42996E-03,+209.45823E-03
+13.19000E-03,+199.17870E-03,+209.45823E-03
+13.20000E-03,+199.42996E-03,+209.52104E-03
+13.21000E-03,+199.42996E-03,+209.45823E-03
+13.22000E-03,+199.42996E-03,+209.70948E-03
+13.23000E-03,+199.33574E-03,+209.63096E-03
+13.24000E-03,+199.42996E-03,+209.45823E-03
+13.25000E-03,+199.42996E-03,+209.45823E-03
+13.26000E-03,+199.42996E-03,+209.70948E-03
+13.27000E-03,+199.42996E-03,+209.45823E-03
+13.28000E-03,+199.42996E-03,+209.45823E-03
+13.29000E-03,+199.42996E-03,+209.63096E-03
+13.30000E-03,+199.42996E-03,+209.52104E-03
+13.31000E-03,+199.42996E-03,+209.70948E-03
+13.32000E-03,+199.42996E-03,+209.69378E-03
+13.33000E-03,+199.42996E-03,+209.70948E-03
+13.34000E-03,+199.28863E-03,+209.70948E-03
+13.35000E-03,+199.42996E-03,+209.70948E-03
+13.36000E-03,+199.42996E-03,+209.45823E-03
+13.37000E-03,+199.39855E-03,+209.45823E-03
+13.38000E-03,+199.19441E-03,+209.69378E-03
+13.39000E-03,+199.42996E-03,+209.45823E-03
+13.40000E-03,+199.42996E-03,+209.61526E-03
+13.41000E-03,+199.42996E-03,+209.59956E-03
+13.42000E-03,+199.42996E-03,+209.45823E-03
+13.43000E-03,+199.39855E-03,+209.45823E-03
+13.44000E-03,+199.42996E-03,+209.45823E-03
+13.45000E-03,+199.42996E-03,+209.70948E-03
+13.46000E-03,+199.42996E-03,+209.45823E-03
+13.47000E-03,+199.28863E-03,+209.45823E-03
+13.48000E-03,+199.42996E-03,+209.45823E-03
+13.49000E-03,+199.42996E-03,+209.45823E-03
+13.50000E-03,+199.42996E-03,+209.45823E-03
+13.51000E-03,+199.68122E-03,+209.45823E-03
+13.52000E-03,+199.58700E-03,+209.55245E-03
+13.53000E-03,+199.42996E-03,+209.45823E-03
+13.54000E-03,+199.42996E-03,+209.55245E-03
+13.55000E-03,+199.42996E-03,+209.45823E-03
+13.56000E-03,+199.42996E-03,+209.45823E-03
+13.57000E-03,+199.42996E-03,+209.45823E-03
+13.58000E-03,+199.35144E-03,+209.45823E-03
+13.59000E-03,+199.42996E-03,+209.70948E-03
+13.60000E-03,+199.57129E-03,+209.45823E-03
+13.61000E-03,+199.42996E-03,+209.66237E-03
+13.62000E-03,+199.42996E-03,+209.45823E-03
+13.63000E-03,+199.42996E-03,+209.48963E-03
+13.64000E-03,+199.42996E-03,+209.52104E-03
+13.65000E-03,+199.42996E-03,+209.45823E-03
+13.66000E-03,+199.42996E-03,+209.45823E-03
+13.67000E-03,+199.49277E-03,+209.45823E-03
+13.68000E-03,+199.42996E-03,+209.45823E-03
+13.69000E-03,+199.42996E-03,+209.45823E-03
+13.70000E-03,+199.42996E-03,+209.45823E-03
+13.71000E-03,+199.58700E-03,+209.70948E-03
+13.72000E-03,+199.42996E-03,+209.58385E-03
+13.73000E-03,+199.50848E-03,+209.55245E-03
+13.74000E-03,+199.42996E-03,+209.45823E-03
+13.75000E-03,+199.42996E-03,+209.45823E-03
+13.76000E-03,+199.42996E-03,+209.45823E-03
+13.77000E-03,+199.50848E-03,+209.55245E-03
+13.78000E-03,+199.42996E-03,+209.45823E-03
+13.79000E-03,+199.42996E-03,+209.63096E-03
+13.80000E-03,+199.42996E-03,+209.45823E-03
+13.81000E-03,+199.42996E-03,+209.47393E-03
+13.82000E-03,+199.44566E-03,+209.45823E-03
+13.83000E-03,+199.42996E-03,+209.53674E-03
+13.84000E-03,+199.42996E-03,+209.59956E-03
+13.85000E-03,+199.57129E-03,+209.61526E-03
+13.86000E-03,+199.61840E-03,+209.45823E-03
+13.87000E-03,+199.42996E-03,+209.48963E-03
+13.88000E-03,+199.44566E-03,+209.45823E-03
+13.89000E-03,+199.61840E-03,+209.70948E-03
+13.90000E-03,+199.52418E-03,+209.70948E-03
+13.91000E-03,+199.42996E-03,+209.45823E-03
+13.92000E-03,+199.49277E-03,+209.64667E-03
+13.93000E-03,+199.42996E-03,+209.70948E-03
+13.94000E-03,+199.42996E-03,+209.45823E-03
+13.95000E-03,+199.68122E-03,+209.66237E-03
+13.96000E-03,+199.42996E-03,+209.45823E-03
+13.97000E-03,+199.42996E-03,+209.58385E-03
+13.98000E-03,+199.42996E-03,+209.45823E-03
+13.99000E-03,+199.42996E-03,+209.50534E-03
+14.00000E-03,+199.42996E-03,+209.47393E-03
+14.01000E-03,+199.42996E-03,+209.50534E-03
+14.02000E-03,+199.42996E-03,+209.63096E-03
+14.03000E-03,+199.42996E-03,+209.58385E-03
+14.04000E-03,+199.42996E-03,+209.55245E-03
+14.05000E-03,+199.42996E-03,+209.45823E-03
+14.06000E-03,+199.42996E-03,+209.47393E-03
+14.07000E-03,+199.42996E-03,+209.45823E-03
+14.08000E-03,+199.42996E-03,+209.70948E-03
+14.09000E-03,+199.42996E-03,+209.45823E-03
+14.10000E-03,+199.52418E-03,+209.56815E-03
+14.11000E-03,+199.42996E-03,+209.45823E-03
+14.12000E-03,+199.42996E-03,+209.70948E-03
+14.13000E-03,+199.64981E-03,+209.45823E-03
+14.14000E-03,+199.47707E-03,+209.45823E-03
+14.15000E-03,+199.42996E-03,+209.45823E-03
+14.16000E-03,+199.42996E-03,+209.70948E-03
+14.17000E-03,+199.42996E-03,+209.53674E-03
+14.18000E-03,+199.42996E-03,+209.69378E-03
+14.19000E-03,+199.42996E-03,+209.70948E-03
+14.20000E-03,+199.42996E-03,+209.45823E-03
+14.21000E-03,+199.25722E-03,+209.70948E-03
+14.22000E-03,+199.42996E-03,+209.59956E-03
+14.23000E-03,+199.42996E-03,+209.63096E-03
+14.24000E-03,+199.42996E-03,+209.45823E-03
+14.25000E-03,+199.66551E-03,+209.47393E-03
+14.26000E-03,+199.42996E-03,+209.50534E-03
+14.27000E-03,+199.42996E-03,+209.63096E-03
+14.28000E-03,+199.53988E-03,+209.59956E-03
+14.29000E-03,+199.68122E-03,+209.63096E-03
+14.30000E-03,+199.68122E-03,+209.70948E-03
+14.31000E-03,+199.42996E-03,+209.70948E-03
+14.32000E-03,+199.44566E-03,+209.69378E-03
+14.33000E-03,+199.68122E-03,+209.70948E-03
+14.34000E-03,+199.30433E-03,+209.70948E-03
+14.35000E-03,+199.42996E-03,+209.45823E-03
+14.36000E-03,+199.42996E-03,+209.52104E-03
+14.37000E-03,+199.42996E-03,+209.48963E-03
+14.38000E-03,+199.42996E-03,+209.70948E-03
+14.39000E-03,+199.61840E-03,+209.70948E-03
+14.40000E-03,+199.42996E-03,+209.70948E-03
+14.41000E-03,+199.42996E-03,+209.70948E-03
+14.42000E-03,+199.42996E-03,+209.70948E-03
+14.43000E-03,+199.42996E-03,+209.69378E-03
+14.44000E-03,+199.42996E-03,+209.70948E-03
+14.45000E-03,+199.42996E-03,+209.70948E-03
+14.46000E-03,+199.42996E-03,+209.55245E-03
+14.47000E-03,+199.42996E-03,+209.70948E-03
+14.48000E-03,+199.33574E-03,+209.70948E-03
+14.49000E-03,+199.17870E-03,+209.70948E-03
+14.50000E-03,+199.42996E-03,+209.70948E-03
+14.51000E-03,+199.42996E-03,+209.70948E-03
+14.52000E-03,+199.42996E-03,+209.70948E-03
+14.53000E-03,+199.42996E-03,+209.70948E-03
+14.54000E-03,+199.42996E-03,+209.45823E-03
+14.55000E-03,+199.42996E-03,+209.52104E-03
+14.56000E-03,+199.42996E-03,+209.70948E-03
+14.57000E-03,+199.42996E-03,+209.45823E-03
+14.58000E-03,+199.42996E-03,+209.53674E-03
+14.59000E-03,+199.42996E-03,+209.45823E-03
+14.60000E-03,+199.42996E-03,+209.45823E-03
+14.61000E-03,+199.42996E-03,+209.45823E-03
+14.62000E-03,+199.42996E-03,+209.48963E-03
+14.63000E-03,+199.44566E-03,+209.69378E-03
+14.64000E-03,+199.42996E-03,+209.52104E-03
+14.65000E-03,+199.42996E-03,+209.56815E-03
+14.66000E-03,+199.42996E-03,+209.70948E-03
+14.67000E-03,+199.42996E-03,+209.70948E-03
+14.68000E-03,+199.64981E-03,+209.69378E-03
+14.69000E-03,+199.66551E-03,+209.70948E-03
+14.70000E-03,+199.42996E-03,+209.70948E-03
+14.71000E-03,+199.42996E-03,+209.70948E-03
+14.72000E-03,+199.42996E-03,+209.59956E-03
+14.73000E-03,+199.50848E-03,+209.63096E-03
+14.74000E-03,+199.42996E-03,+209.50534E-03
+14.75000E-03,+199.66551E-03,+209.70948E-03
+14.76000E-03,+199.42996E-03,+209.67808E-03
+14.77000E-03,+199.58700E-03,+209.70948E-03
+14.78000E-03,+199.42996E-03,+209.70948E-03
+14.79000E-03,+199.42996E-03,+209.70948E-03
+14.80000E-03,+199.47707E-03,+209.52104E-03
+14.81000E-03,+199.42996E-03,+209.70948E-03
+14.82000E-03,+199.42996E-03,+209.70948E-03
+14.83000E-03,+199.68122E-03,+209.64667E-03
+14.84000E-03,+199.42996E-03,+209.59956E-03
+14.85000E-03,+199.42996E-03,+209.70948E-03
+14.86000E-03,+199.42996E-03,+209.70948E-03
+14.87000E-03,+199.42996E-03,+209.70948E-03
+14.88000E-03,+199.42996E-03,+209.70948E-03
+14.89000E-03,+199.42996E-03,+209.70948E-03
+14.90000E-03,+199.42996E-03,+209.70948E-03
+14.91000E-03,+199.55559E-03,+209.70948E-03
+14.92000E-03,+199.42996E-03,+209.70948E-03
+14.93000E-03,+199.42996E-03,+209.69378E-03
+14.94000E-03,+199.66551E-03,+209.70948E-03
+14.95000E-03,+199.68122E-03,+209.70948E-03
+14.96000E-03,+199.42996E-03,+209.55245E-03
+14.97000E-03,+199.42996E-03,+209.58385E-03
+14.98000E-03,+199.50848E-03,+209.63096E-03
+14.99000E-03,+199.42996E-03,+209.67808E-03
+15.00000E-03,+199.42996E-03,+209.70948E-03
+15.01000E-03,+199.42996E-03,+209.50534E-03
+15.02000E-03,+199.42996E-03,+209.70948E-03
+15.03000E-03,+199.42996E-03,+209.70948E-03
+15.04000E-03,+199.42996E-03,+209.63096E-03
+15.05000E-03,+199.42996E-03,+209.70948E-03
+15.06000E-03,+199.42996E-03,+209.45823E-03
+15.07000E-03,+199.42996E-03,+209.70948E-03
+15.08000E-03,+199.42996E-03,+209.70948E-03
+15.09000E-03,+199.42996E-03,+209.70948E-03
+15.10000E-03,+199.42996E-03,+209.56815E-03
+15.11000E-03,+199.47707E-03,+209.70948E-03
+15.12000E-03,+199.64981E-03,+209.70948E-03
+15.13000E-03,+199.44566E-03,+209.70948E-03
+15.14000E-03,+199.42996E-03,+209.52104E-03
+15.15000E-03,+199.27292E-03,+209.70948E-03
+15.16000E-03,+199.42996E-03,+209.59956E-03
+15.17000E-03,+199.42996E-03,+209.45823E-03
+15.18000E-03,+199.42996E-03,+209.74089E-03
+15.19000E-03,+199.42996E-03,+209.70948E-03
+15.20000E-03,+199.68122E-03,+209.70948E-03
+15.21000E-03,+199.50848E-03,+209.70948E-03
+15.22000E-03,+199.42996E-03,+209.70948E-03
+15.23000E-03,+199.68122E-03,+209.70948E-03
+15.24000E-03,+199.42996E-03,+209.70948E-03
+15.25000E-03,+199.42996E-03,+209.70948E-03
+15.26000E-03,+199.68122E-03,+209.92933E-03
+15.27000E-03,+199.58700E-03,+209.70948E-03
+15.28000E-03,+199.55559E-03,+209.70948E-03
+15.29000E-03,+199.42996E-03,+209.63096E-03
+15.30000E-03,+199.42996E-03,+209.70948E-03
+15.31000E-03,+199.66551E-03,+209.70948E-03
+15.32000E-03,+199.42996E-03,+209.70948E-03
+15.33000E-03,+199.42996E-03,+209.70948E-03
+15.34000E-03,+199.42996E-03,+209.70948E-03
+15.35000E-03,+199.42996E-03,+209.70948E-03
+15.36000E-03,+199.42996E-03,+209.70948E-03
+15.37000E-03,+199.42996E-03,+209.70948E-03
+15.38000E-03,+199.44566E-03,+209.70948E-03
+15.39000E-03,+199.42996E-03,+209.70948E-03
+15.40000E-03,+199.42996E-03,+209.70948E-03
+15.41000E-03,+199.42996E-03,+209.70948E-03
+15.42000E-03,+199.42996E-03,+209.70948E-03
+15.43000E-03,+199.42996E-03,+209.70948E-03
+15.44000E-03,+199.42996E-03,+209.70948E-03
+15.45000E-03,+199.47707E-03,+209.52104E-03
+15.46000E-03,+199.58700E-03,+209.70948E-03
+15.47000E-03,+199.42996E-03,+209.59956E-03
+15.48000E-03,+199.42996E-03,+209.70948E-03
+15.49000E-03,+199.42996E-03,+209.67808E-03
+15.50000E-03,+199.41426E-03,+209.47393E-03
+15.51000E-03,+199.42996E-03,+209.70948E-03
+15.52000E-03,+199.42996E-03,+209.70948E-03
+15.53000E-03,+199.42996E-03,+209.70948E-03
+15.54000E-03,+199.17870E-03,+209.70948E-03
+15.55000E-03,+199.42996E-03,+209.70948E-03
+15.56000E-03,+199.42996E-03,+209.47393E-03
+15.57000E-03,+199.42996E-03,+209.70948E-03
+15.58000E-03,+199.42996E-03,+209.70948E-03
+15.59000E-03,+199.42996E-03,+209.70948E-03
+15.60000E-03,+199.42996E-03,+209.61526E-03
+15.61000E-03,+199.42996E-03,+209.70948E-03
+15.62000E-03,+199.42996E-03,+209.48963E-03
+15.63000E-03,+199.42996E-03,+209.70948E-03
+15.64000E-03,+199.42996E-03,+209.66237E-03
+15.65000E-03,+199.42996E-03,+209.61526E-03
+15.66000E-03,+199.42996E-03,+209.70948E-03
+15.67000E-03,+199.42996E-03,+209.53674E-03
+15.68000E-03,+199.42996E-03,+209.70948E-03
+15.69000E-03,+199.17870E-03,+209.45823E-03
+15.70000E-03,+199.36715E-03,+209.52104E-03
+15.71000E-03,+199.33574E-03,+209.70948E-03
+15.72000E-03,+199.42996E-03,+209.70948E-03
+15.73000E-03,+199.50848E-03,+209.70948E-03
+15.74000E-03,+199.42996E-03,+209.70948E-03
+15.75000E-03,+199.42996E-03,+209.70948E-03
+15.76000E-03,+199.46137E-03,+209.70948E-03
+15.77000E-03,+199.42996E-03,+209.70948E-03
+15.78000E-03,+199.42996E-03,+209.70948E-03
+15.79000E-03,+199.42996E-03,+209.70948E-03
+15.80000E-03,+199.42996E-03,+209.45823E-03
+15.81000E-03,+199.42996E-03,+209.70948E-03
+15.82000E-03,+199.17870E-03,+209.70948E-03
+15.83000E-03,+199.42996E-03,+209.70948E-03
+15.84000E-03,+199.42996E-03,+209.70948E-03
+15.85000E-03,+199.42996E-03,+209.70948E-03
+15.86000E-03,+199.22581E-03,+209.70948E-03
+15.87000E-03,+199.42996E-03,+209.70948E-03
+15.88000E-03,+199.39855E-03,+209.69378E-03
+15.89000E-03,+199.42996E-03,+209.70948E-03
+15.90000E-03,+199.32004E-03,+209.56815E-03
+15.91000E-03,+199.42996E-03,+209.45823E-03
+15.92000E-03,+199.42996E-03,+209.70948E-03
+15.93000E-03,+199.64981E-03,+209.70948E-03
+15.94000E-03,+199.42996E-03,+209.70948E-03
+15.95000E-03,+199.42996E-03,+209.70948E-03
+15.96000E-03,+199.42996E-03,+209.63096E-03
+15.97000E-03,+199.42996E-03,+209.70948E-03
+15.98000E-03,+199.25722E-03,+209.45823E-03
+15.99000E-03,+199.38285E-03,+209.70948E-03
+16.00000E-03,+199.42996E-03,+209.70948E-03
+16.01000E-03,+199.42996E-03,+209.67808E-03
+16.02000E-03,+199.42996E-03,+209.70948E-03
+16.03000E-03,+199.17870E-03,+209.59956E-03
+16.04000E-03,+199.42996E-03,+209.70948E-03
+16.05000E-03,+199.42996E-03,+209.66237E-03
+16.06000E-03,+199.42996E-03,+209.45823E-03
+16.07000E-03,+199.42996E-03,+209.69378E-03
+16.08000E-03,+199.42996E-03,+209.70948E-03
+16.09000E-03,+199.42996E-03,+209.45823E-03
+16.10000E-03,+199.42996E-03,+209.56815E-03
+16.11000E-03,+199.42996E-03,+209.66237E-03
+16.12000E-03,+199.42996E-03,+209.70948E-03
+16.13000E-03,+199.44566E-03,+209.70948E-03
+16.14000E-03,+199.68122E-03,+209.45823E-03
+16.15000E-03,+199.52418E-03,+209.70948E-03
+16.16000E-03,+199.42996E-03,+209.59956E-03
+16.17000E-03,+199.42996E-03,+209.53674E-03
+16.18000E-03,+199.42996E-03,+209.70948E-03
+16.19000E-03,+199.17870E-03,+209.70948E-03
+16.20000E-03,+199.42996E-03,+209.70948E-03
+16.21000E-03,+199.42996E-03,+209.70948E-03
+16.22000E-03,+199.42996E-03,+209.70948E-03
+16.23000E-03,+199.42996E-03,+209.70948E-03
+16.24000E-03,+199.42996E-03,+209.45823E-03
+16.25000E-03,+199.42996E-03,+209.70948E-03
+16.26000E-03,+199.42996E-03,+209.70948E-03
+16.27000E-03,+199.42996E-03,+209.55245E-03
+16.28000E-03,+199.42996E-03,+209.45823E-03
+16.29000E-03,+199.42996E-03,+209.63096E-03
+16.30000E-03,+199.42996E-03,+209.70948E-03
+16.31000E-03,+199.42996E-03,+209.70948E-03
+16.32000E-03,+199.42996E-03,+209.70948E-03
+16.33000E-03,+199.49277E-03,+209.70948E-03
+16.34000E-03,+199.42996E-03,+209.70948E-03
+16.35000E-03,+199.42996E-03,+209.70948E-03
+16.36000E-03,+199.42996E-03,+209.70948E-03
+16.37000E-03,+199.42996E-03,+209.69378E-03
+16.38000E-03,+199.42996E-03,+209.70948E-03
+16.39000E-03,+199.42996E-03,+209.52104E-03
+16.40000E-03,+199.42996E-03,+209.70948E-03
+16.41000E-03,+199.42996E-03,+209.45823E-03
+16.42000E-03,+199.42996E-03,+209.64667E-03
+16.43000E-03,+199.42996E-03,+209.69378E-03
+16.44000E-03,+199.42996E-03,+209.70948E-03
+16.45000E-03,+199.42996E-03,+209.70948E-03
+16.46000E-03,+199.42996E-03,+209.45823E-03
+16.47000E-03,+199.42996E-03,+209.45823E-03
+16.48000E-03,+199.42996E-03,+209.70948E-03
+16.49000E-03,+199.42996E-03,+209.67808E-03
+16.50000E-03,+199.42996E-03,+209.70948E-03
+16.51000E-03,+199.42996E-03,+209.50534E-03
+16.52000E-03,+199.42996E-03,+209.70948E-03
+16.53000E-03,+199.42996E-03,+209.70948E-03
+16.54000E-03,+199.42996E-03,+209.70948E-03
+16.55000E-03,+199.42996E-03,+209.66237E-03
+16.56000E-03,+199.42996E-03,+209.45823E-03
+16.57000E-03,+199.42996E-03,+209.45823E-03
+16.58000E-03,+199.42996E-03,+209.70948E-03
+16.59000E-03,+199.42996E-03,+209.70948E-03
+16.60000E-03,+199.27292E-03,+209.70948E-03
+16.61000E-03,+199.42996E-03,+209.45823E-03
+16.62000E-03,+199.42996E-03,+209.45823E-03
+16.63000E-03,+199.39855E-03,+209.45823E-03
+16.64000E-03,+199.42996E-03,+209.52104E-03
+16.65000E-03,+199.42996E-03,+209.61526E-03
+16.66000E-03,+199.42996E-03,+209.70948E-03
+16.67000E-03,+199.42996E-03,+209.53674E-03
+16.68000E-03,+199.42996E-03,+209.70948E-03
+16.69000E-03,+199.66551E-03,+209.70948E-03
+16.70000E-03,+199.42996E-03,+209.45823E-03
+16.71000E-03,+199.33574E-03,+209.70948E-03
+16.72000E-03,+199.42996E-03,+209.45823E-03
+16.73000E-03,+199.42996E-03,+209.70948E-03
+16.74000E-03,+199.42996E-03,+209.45823E-03
+16.75000E-03,+199.42996E-03,+209.45823E-03
+16.76000E-03,+199.42996E-03,+209.67808E-03
+16.77000E-03,+199.42996E-03,+209.63096E-03
+16.78000E-03,+199.42996E-03,+209.59956E-03
+16.79000E-03,+199.42996E-03,+209.55245E-03
+16.80000E-03,+199.36715E-03,+209.52104E-03
+16.81000E-03,+199.42996E-03,+209.70948E-03
+16.82000E-03,+199.42996E-03,+209.45823E-03
+16.83000E-03,+199.42996E-03,+209.53674E-03
+16.84000E-03,+199.30433E-03,+209.45823E-03
+16.85000E-03,+199.42996E-03,+209.70948E-03
+16.86000E-03,+199.42996E-03,+209.70948E-03
+16.87000E-03,+199.42996E-03,+209.69378E-03
+16.88000E-03,+199.42996E-03,+209.45823E-03
+16.89000E-03,+199.36715E-03,+209.45823E-03
+16.90000E-03,+199.52418E-03,+209.61526E-03
+16.91000E-03,+199.30433E-03,+209.70948E-03
+16.92000E-03,+199.42996E-03,+209.70948E-03
+16.93000E-03,+199.42996E-03,+209.45823E-03
+16.94000E-03,+199.42996E-03,+209.70948E-03
+16.95000E-03,+199.42996E-03,+209.70948E-03
+16.96000E-03,+199.42996E-03,+209.70948E-03
+16.97000E-03,+199.42996E-03,+209.45823E-03
+16.98000E-03,+199.42996E-03,+209.55245E-03
+16.99000E-03,+199.42996E-03,+209.70948E-03
+17.00000E-03,+199.42996E-03,+209.70948E-03
+17.01000E-03,+199.42996E-03,+209.67808E-03
+17.02000E-03,+199.42996E-03,+209.70948E-03
+17.03000E-03,+199.42996E-03,+209.70948E-03
+17.04000E-03,+199.42996E-03,+209.70948E-03
+17.05000E-03,+199.42996E-03,+209.70948E-03
+17.06000E-03,+199.42996E-03,+209.70948E-03
+17.07000E-03,+199.42996E-03,+209.45823E-03
+17.08000E-03,+199.42996E-03,+209.53674E-03
+17.09000E-03,+199.42996E-03,+209.70948E-03
+17.10000E-03,+199.42996E-03,+209.61526E-03
+17.11000E-03,+199.42996E-03,+209.70948E-03
+17.12000E-03,+199.42996E-03,+209.70948E-03
+17.13000E-03,+199.42996E-03,+209.74089E-03
+17.14000E-03,+199.42996E-03,+209.70948E-03
+17.15000E-03,+199.42996E-03,+209.70948E-03
+17.16000E-03,+199.42996E-03,+209.70948E-03
+17.17000E-03,+199.35144E-03,+209.70948E-03
+17.18000E-03,+199.42996E-03,+209.69378E-03
+17.19000E-03,+199.42996E-03,+209.70948E-03
+17.20000E-03,+199.42996E-03,+209.52104E-03
+17.21000E-03,+199.42996E-03,+209.63096E-03
+17.22000E-03,+199.42996E-03,+209.70948E-03
+17.23000E-03,+199.42996E-03,+209.70948E-03
+17.24000E-03,+199.42996E-03,+209.70948E-03
+17.25000E-03,+199.42996E-03,+209.70948E-03
+17.26000E-03,+199.42996E-03,+209.70948E-03
+17.27000E-03,+199.42996E-03,+209.70948E-03
+17.28000E-03,+199.42996E-03,+209.70948E-03
+17.29000E-03,+199.42996E-03,+209.70948E-03
+17.30000E-03,+199.42996E-03,+209.70948E-03
+17.31000E-03,+199.42996E-03,+209.70948E-03
+17.32000E-03,+199.42996E-03,+209.69378E-03
+17.33000E-03,+199.35144E-03,+209.53674E-03
+17.34000E-03,+199.42996E-03,+209.70948E-03
+17.35000E-03,+199.42996E-03,+209.70948E-03
+17.36000E-03,+199.42996E-03,+209.70948E-03
+17.37000E-03,+199.19441E-03,+209.70948E-03
+17.38000E-03,+199.42996E-03,+209.70948E-03
+17.39000E-03,+199.42996E-03,+209.70948E-03
+17.40000E-03,+199.42996E-03,+209.70948E-03
+17.41000E-03,+199.42996E-03,+209.70948E-03
+17.42000E-03,+199.42996E-03,+209.70948E-03
+17.43000E-03,+199.42996E-03,+209.70948E-03
+17.44000E-03,+199.17870E-03,+209.70948E-03
+17.45000E-03,+199.42996E-03,+209.70948E-03
+17.46000E-03,+199.17870E-03,+209.63096E-03
+17.47000E-03,+199.42996E-03,+209.70948E-03
+17.48000E-03,+199.33574E-03,+209.70948E-03
+17.49000E-03,+199.42996E-03,+209.50534E-03
+17.50000E-03,+199.42996E-03,+209.70948E-03
+17.51000E-03,+199.38285E-03,+209.45823E-03
+17.52000E-03,+199.42996E-03,+209.70948E-03
+17.53000E-03,+199.28863E-03,+209.59956E-03
+17.54000E-03,+199.42996E-03,+209.70948E-03
+17.55000E-03,+199.42996E-03,+209.70948E-03
+17.56000E-03,+199.42996E-03,+209.47393E-03
+17.57000E-03,+199.42996E-03,+209.70948E-03
+17.58000E-03,+199.42996E-03,+209.64667E-03
+17.59000E-03,+199.42996E-03,+209.70948E-03
+17.60000E-03,+199.42996E-03,+209.61526E-03
+17.61000E-03,+199.42996E-03,+209.52104E-03
+17.62000E-03,+199.42996E-03,+209.48963E-03
+17.63000E-03,+199.42996E-03,+209.45823E-03
+17.64000E-03,+199.42996E-03,+209.52104E-03
+17.65000E-03,+199.42996E-03,+209.45823E-03
+17.66000E-03,+199.55559E-03,+209.70948E-03
+17.67000E-03,+199.42996E-03,+209.64667E-03
+17.68000E-03,+199.42996E-03,+209.48963E-03
+17.69000E-03,+199.42996E-03,+209.70948E-03
+17.70000E-03,+199.42996E-03,+209.52104E-03
+17.71000E-03,+199.42996E-03,+209.70948E-03
+17.72000E-03,+199.42996E-03,+209.59956E-03
+17.73000E-03,+199.42996E-03,+209.80370E-03
+17.74000E-03,+199.21011E-03,+209.67808E-03
+17.75000E-03,+199.42996E-03,+209.70948E-03
+17.76000E-03,+199.42996E-03,+209.70948E-03
+17.77000E-03,+199.42996E-03,+209.70948E-03
+17.78000E-03,+199.42996E-03,+209.70948E-03
+17.79000E-03,+199.42996E-03,+209.70948E-03
+17.80000E-03,+199.42996E-03,+209.52104E-03
+17.81000E-03,+199.42996E-03,+209.70948E-03
+17.82000E-03,+199.42996E-03,+209.70948E-03
+17.83000E-03,+199.24152E-03,+209.45823E-03
+17.84000E-03,+199.30433E-03,+209.70948E-03
+17.85000E-03,+199.42996E-03,+209.45823E-03
+17.86000E-03,+199.42996E-03,+209.70948E-03
+17.87000E-03,+199.42996E-03,+209.70948E-03
+17.88000E-03,+199.19441E-03,+209.45823E-03
+17.89000E-03,+199.42996E-03,+209.66237E-03
+17.90000E-03,+199.42996E-03,+209.61526E-03
+17.91000E-03,+199.55559E-03,+209.59956E-03
+17.92000E-03,+199.42996E-03,+209.70948E-03
+17.93000E-03,+199.42996E-03,+209.45823E-03
+17.94000E-03,+199.42996E-03,+209.70948E-03
+17.95000E-03,+199.42996E-03,+209.52104E-03
+17.96000E-03,+199.42996E-03,+209.45823E-03
+17.97000E-03,+199.42996E-03,+209.70948E-03
+17.98000E-03,+199.42996E-03,+209.70948E-03
+17.99000E-03,+199.42996E-03,+209.45823E-03
+18.00000E-03,+199.42996E-03,+209.70948E-03
+18.01000E-03,+199.42996E-03,+209.45823E-03
+18.02000E-03,+199.42996E-03,+209.70948E-03
+18.03000E-03,+199.42996E-03,+209.45823E-03
+18.04000E-03,+199.42996E-03,+209.45823E-03
+18.05000E-03,+199.42996E-03,+209.70948E-03
+18.06000E-03,+199.42996E-03,+209.70948E-03
+18.07000E-03,+199.42996E-03,+209.48963E-03
+18.08000E-03,+199.35144E-03,+209.70948E-03
+18.09000E-03,+199.42996E-03,+209.45823E-03
+18.10000E-03,+199.42996E-03,+209.70948E-03
+18.11000E-03,+199.42996E-03,+209.45823E-03
+18.12000E-03,+199.42996E-03,+209.48963E-03
+18.13000E-03,+199.42996E-03,+209.70948E-03
+18.14000E-03,+199.42996E-03,+209.45823E-03
+18.15000E-03,+199.42996E-03,+209.70948E-03
+18.16000E-03,+199.30433E-03,+209.70948E-03
+18.17000E-03,+199.68122E-03,+209.64667E-03
+18.18000E-03,+199.42996E-03,+209.70948E-03
+18.19000E-03,+199.42996E-03,+209.47393E-03
+18.20000E-03,+199.42996E-03,+209.66237E-03
+18.21000E-03,+199.42996E-03,+209.70948E-03
+18.22000E-03,+199.28863E-03,+209.59956E-03
+18.23000E-03,+199.42996E-03,+209.70948E-03
+18.24000E-03,+199.42996E-03,+209.92933E-03
+18.25000E-03,+199.42996E-03,+209.45823E-03
+18.26000E-03,+199.42996E-03,+209.45823E-03
+18.27000E-03,+199.25722E-03,+209.80370E-03
+18.28000E-03,+199.42996E-03,+209.58385E-03
+18.29000E-03,+199.42996E-03,+209.70948E-03
+18.30000E-03,+199.22581E-03,+209.52104E-03
+18.31000E-03,+199.42996E-03,+209.70948E-03
+18.32000E-03,+199.42996E-03,+209.70948E-03
+18.33000E-03,+199.42996E-03,+209.53674E-03
+18.34000E-03,+199.42996E-03,+209.59956E-03
+18.35000E-03,+199.42996E-03,+209.96074E-03
+18.36000E-03,+199.42996E-03,+209.70948E-03
+18.37000E-03,+199.42996E-03,+209.69378E-03
+18.38000E-03,+199.42996E-03,+209.74089E-03
+18.39000E-03,+199.42996E-03,+209.66237E-03
+18.40000E-03,+199.42996E-03,+209.70948E-03
+18.41000E-03,+199.42996E-03,+209.70948E-03
+18.42000E-03,+199.42996E-03,+209.70948E-03
+18.43000E-03,+199.39855E-03,+209.74089E-03
+18.44000E-03,+199.17870E-03,+209.47393E-03
+18.45000E-03,+199.42996E-03,+209.45823E-03
+18.46000E-03,+199.17870E-03,+209.96074E-03
+18.47000E-03,+199.42996E-03,+209.59956E-03
+18.48000E-03,+199.42996E-03,+209.70948E-03
+18.49000E-03,+199.21011E-03,+209.70948E-03
+18.50000E-03,+199.42996E-03,+209.70948E-03
+18.51000E-03,+199.42996E-03,+209.70948E-03
+18.52000E-03,+199.42996E-03,+209.70948E-03
+18.53000E-03,+199.28863E-03,+209.70948E-03
+18.54000E-03,+199.42996E-03,+209.88222E-03
+18.55000E-03,+199.42996E-03,+209.66237E-03
+18.56000E-03,+199.42996E-03,+209.70948E-03
+18.57000E-03,+199.19441E-03,+209.96074E-03
+18.58000E-03,+199.35144E-03,+209.70948E-03
+18.59000E-03,+199.42996E-03,+209.70948E-03
+18.60000E-03,+199.42996E-03,+209.61526E-03
+18.61000E-03,+199.42996E-03,+209.77230E-03
+18.62000E-03,+199.19441E-03,+209.70948E-03
+18.63000E-03,+199.42996E-03,+209.48963E-03
+18.64000E-03,+199.42996E-03,+209.70948E-03
+18.65000E-03,+199.27292E-03,+209.81941E-03
+18.66000E-03,+199.42996E-03,+209.45823E-03
+18.67000E-03,+199.42996E-03,+209.53674E-03
+18.68000E-03,+199.42996E-03,+209.70948E-03
+18.69000E-03,+199.42996E-03,+209.70948E-03
+18.70000E-03,+199.42996E-03,+209.70948E-03
+18.71000E-03,+199.42996E-03,+209.70948E-03
+18.72000E-03,+199.42996E-03,+209.70948E-03
+18.73000E-03,+199.33574E-03,+209.70948E-03
+18.74000E-03,+199.42996E-03,+209.70948E-03
+18.75000E-03,+199.42996E-03,+209.72519E-03
+18.76000E-03,+199.42996E-03,+209.70948E-03
+18.77000E-03,+199.42996E-03,+209.70948E-03
+18.78000E-03,+199.55559E-03,+209.70948E-03
+18.79000E-03,+199.42996E-03,+209.70948E-03
+18.80000E-03,+199.42996E-03,+209.77230E-03
+18.81000E-03,+199.42996E-03,+209.70948E-03
+18.82000E-03,+199.42996E-03,+209.70948E-03
+18.83000E-03,+199.35144E-03,+209.89792E-03
+18.84000E-03,+199.42996E-03,+209.70948E-03
+18.85000E-03,+199.42996E-03,+209.70948E-03
+18.86000E-03,+199.42996E-03,+209.91363E-03
+18.87000E-03,+199.42996E-03,+209.70948E-03
+18.88000E-03,+199.42996E-03,+209.96074E-03
+18.89000E-03,+199.42996E-03,+209.70948E-03
+18.90000E-03,+199.42996E-03,+209.70948E-03
+18.91000E-03,+199.17870E-03,+209.83511E-03
+18.92000E-03,+199.42996E-03,+209.45823E-03
+18.93000E-03,+199.17870E-03,+209.70948E-03
+18.94000E-03,+199.42996E-03,+209.96074E-03
+18.95000E-03,+199.17870E-03,+209.70948E-03
+18.96000E-03,+199.42996E-03,+209.70948E-03
+18.97000E-03,+199.42996E-03,+209.70948E-03
+18.98000E-03,+199.42996E-03,+209.70948E-03
+18.99000E-03,+199.42996E-03,+209.70948E-03
+19.00000E-03,+199.42996E-03,+209.47393E-03
+19.01000E-03,+199.42996E-03,+209.92933E-03
+19.02000E-03,+199.17870E-03,+209.70948E-03
+19.03000E-03,+199.30433E-03,+209.45823E-03
+19.04000E-03,+199.42996E-03,+209.55245E-03
+19.05000E-03,+199.42996E-03,+209.70948E-03
